Target Time,Load Intensity,Successful Transactions,Failed Transactions,Dropped Transactions,Avg Response Time,Final Batch Dispatch Time,05.06.2024;16:47:31197
0.5,8.0,0,0,0,0.0,0.417
1.5,16.0,24,0,0,0.133,1.449
2.5,25.0,24,0,0,0.06,2.484
3.5,33.0,33,0,0,0.058,3.498
4.5,41.0,37,0,0,0.057,4.49
5.5,50.0,53,0,0,0.063,5.433
6.5,58.0,56,0,0,0.079,6.49
7.5,66.0,70,0,0,0.064,7.451
8.5,75.0,75,0,0,0.064,8.512
9.5,83.0,78,0,0,0.073,9.456
10.5,91.0,62,0,0,0.078,10.491
11.5,100.0,0,0,0,0.0,11.504
12.5,108.0,1,0,0,1.773,12.47
13.5,116.0,1,0,0,2.974,13.469
14.5,125.0,24,0,0,3.737,14.442
15.5,133.0,7,0,0,4.724,15.496
16.5,141.0,4,0,0,5.458,16.477
17.5,150.0,6,0,0,6.558,17.431
18.5,158.0,33,0,0,6.998,18.495
19.5,166.0,47,0,0,7.515,19.411
20.5,175.0,57,0,0,8.41,20.41
21.5,183.0,49,0,0,9.271,21.433
22.5,191.0,4,0,0,10.22,22.494
23.5,200.0,22,1,0,11.224,23.55
24.5,208.0,1,0,0,11.934,24.529
25.5,216.0,0,0,0,0.0,25.475
26.5,225.0,0,0,0,0.0,26.457
27.5,233.0,0,0,0,0.0,27.508
28.5,241.0,0,0,0,0.0,28.489
29.5,250.0,0,0,0,0.0,29.42
30.5,258.0,0,0,0,0.0,30.447
31.5,266.0,0,19,0,0.0,31.433
32.5,275.0,0,0,0,0.0,32.477
33.5,283.0,0,0,0,0.0,33.448
34.5,291.0,0,0,0,0.0,34.452
35.5,300.0,0,0,0,0.0,35.433
36.5,308.0,0,0,0,0.0,36.418
37.5,316.0,0,12,0,0.0,37.487
38.5,325.0,0,0,0,0.0,38.476
39.5,333.0,0,0,0,0.0,39.441
40.5,341.0,0,0,0,0.0,40.426
41.5,350.0,0,0,0,0.0,41.466
42.5,358.0,0,0,0,0.0,42.528
43.5,366.0,0,18,0,0.0,43.548
44.5,375.0,0,1,0,0.0,44.479
45.5,383.0,0,9,0,0.0,45.48
46.5,391.0,0,67,0,0.0,46.496
47.5,400.0,0,68,0,0.0,47.45
48.5,408.0,0,7,0,0.0,48.519
49.5,416.0,0,16,0,0.0,49.515
50.5,425.0,0,2,0,0.0,50.511
51.5,433.0,0,0,0,0.0,51.468
52.5,441.0,0,0,0,0.0,52.432
53.5,450.0,0,0,0,0.0,53.478
54.5,458.0,0,0,0,0.0,54.481
55.5,466.0,0,9,0,0.0,55.437
56.5,475.0,0,3,0,0.0,56.441
57.5,483.0,0,0,0,0.0,57.47
58.5,491.0,0,0,0,0.0,58.5
59.5,500.0,0,0,0,0.0,59.505
60.5,508.0,0,0,0,0.0,60.497
61.5,516.0,0,18,0,0.0,61.543
62.5,525.0,0,1,0,0.0,62.483
63.5,533.0,0,1,0,0.0,63.454
64.5,541.0,0,30,0,0.0,64.456
65.5,550.0,0,64,0,0.0,65.505
66.5,558.0,0,48,0,0.0,66.486
67.5,566.0,0,8,0,0.0,67.453
68.5,575.0,0,17,0,0.0,68.509
69.5,583.0,0,1,0,0.0,69.507
70.5,591.0,0,0,0,0.0,70.413
71.5,600.0,0,0,0,0.0,71.521
72.5,608.0,0,0,0,0.0,72.466
73.5,616.0,0,1,0,0.0,73.485
74.5,625.0,0,11,0,0.0,74.529
75.5,633.0,0,0,0,0.0,75.477
76.5,641.0,0,0,0,0.0,76.452
77.5,650.0,0,0,0,0.0,77.449
78.5,658.0,0,0,0,0.0,78.47
79.5,666.0,0,0,0,0.0,79.457
80.5,675.0,0,18,0,0.0,80.457
81.5,683.0,0,1,0,0.0,81.436
82.5,691.0,0,11,0,0.0,82.526
83.5,700.0,0,23,0,0.0,83.48
84.5,708.0,0,55,0,0.0,84.401
85.5,716.0,0,54,0,0.0,85.515
86.5,725.0,0,10,0,0.0,86.473
87.5,733.0,0,16,0,0.0,87.505
88.5,741.0,0,0,0,0.0,88.431
89.5,750.0,0,0,0,0.0,89.431
90.5,758.0,0,0,0,0.0,90.471
91.5,766.0,0,0,0,0.0,91.422
92.5,775.0,0,6,0,0.0,92.487
93.5,783.0,0,6,0,0.0,93.443
94.5,791.0,0,0,0,0.0,94.503
95.5,800.0,0,0,0,0.0,95.487
96.5,808.0,0,0,0,0.0,96.517
97.5,816.0,0,0,0,0.0,97.525
98.5,825.0,0,18,0,0.0,98.484
99.5,833.0,0,1,0,0.0,99.434
100.5,841.0,0,1,0,0.0,100.486
101.5,850.0,0,25,0,0.0,101.412
102.5,858.0,0,28,0,0.0,102.547
103.5,866.0,0,49,0,0.0,103.536
104.5,875.0,0,50,0,0.0,104.44
105.5,883.0,0,14,0,0.0,105.487
106.5,891.0,0,2,0,0.0,106.466
107.5,900.0,0,0,0,0.0,107.461
108.5,908.0,0,0,0,0.0,108.491
109.5,916.0,0,0,0,0.0,109.464
110.5,925.0,0,6,0,0.0,110.48
111.5,933.0,0,6,0,0.0,111.438
112.5,941.0,0,0,0,0.0,112.488
113.5,950.0,0,0,0,0.0,113.548
114.5,958.0,0,0,0,0.0,114.436
115.5,966.0,0,0,0,0.0,115.427
116.5,975.0,0,7,0,0.0,116.441
117.5,983.0,0,12,0,0.0,117.509
118.5,991.0,0,1,0,0.0,118.452
119.5,1000.0,0,3,0,0.0,119.492
120.5,0.0,0,50,0,0.0,120.5
121.5,0.0,0,22,0,0.0,121.5
122.5,0.0,0,48,0,0.0,122.5
123.5,0.0,0,32,0,0.0,123.5
124.5,0.0,0,13,0,0.0,124.5
125.5,0.0,0,0,0,0.0,125.5
126.5,0.0,0,0,0,0.0,126.5
127.5,0.0,0,0,0,0.0,127.5
128.5,0.0,0,4,0,0.0,128.5
129.5,0.0,0,8,0,0.0,129.5
130.5,0.0,0,0,0,0.0,130.5
131.5,0.0,0,0,0,0.0,131.5
132.5,0.0,0,0,0,0.0,132.5
133.5,0.0,0,0,0,0.0,133.5
134.5,0.0,0,0,0,0.0,134.5
135.5,0.0,0,19,0,0.0,135.5
136.5,0.0,0,0,0,0.0,136.5
137.5,0.0,0,1,0,0.0,137.5
138.5,0.0,0,9,0,0.0,138.5
139.5,0.0,0,30,0,0.0,139.5
140.5,0.0,0,28,0,0.0,140.5
141.5,0.0,0,15,0,0.0,141.5
142.5,0.0,0,15,0,0.0,142.5
143.5,0.0,0,14,0,0.0,143.5
144.5,0.0,0,7,0,0.0,144.5
145.5,0.0,0,10,0,0.0,145.5
146.5,0.0,0,7,0,0.0,146.5
147.5,0.0,0,1,0,0.0,147.5
148.5,0.0,0,2,0,0.0,148.5
149.5,0.0,0,0,0,0.0,149.5
150.5,0.0,0,0,0,0.0,150.5
151.5,0.0,0,0,0,0.0,151.5
152.5,0.0,0,0,0,0.0,152.5
153.5,0.0,0,0,0,0.0,153.5
154.5,0.0,0,0,0,0.0,154.5
155.5,0.0,0,0,0,0.0,155.5
156.5,0.0,0,0,0,0.0,156.5
157.5,0.0,0,0,0,0.0,157.5
158.5,0.0,0,0,0,0.0,158.5
159.5,0.0,0,0,0,0.0,159.5
160.5,0.0,3,0,0,32.456,160.5
161.5,0.0,2,0,0,29.563,161.5
162.5,0.0,37,0,0,34.691,162.5
163.5,0.0,21,0,0,31.646,163.5
164.5,0.0,114,0,0,31.846,164.5
165.5,0.0,37,0,0,32.395,165.5
166.5,0.0,4,0,0,20.723,166.5
167.5,0.0,0,0,0,0.0,167.5
168.5,0.0,8,0,0,24.492,168.5
169.5,0.0,12,0,0,25.219,169.5
170.5,0.0,13,0,0,25.507,170.5
171.5,0.0,3,0,0,25.928,171.5
172.5,0.0,2,0,0,29.157,172.5
173.5,0.0,0,0,0,0.0,173.5
174.5,0.0,0,0,0,0.0,174.5
175.5,0.0,0,0,0,0.0,175.5
176.5,0.0,0,0,0,0.0,176.5
177.5,0.0,0,0,0,0.0,177.5
178.5,0.0,0,0,0,0.0,178.5
179.5,0.0,0,0,0,0.0,179.5
180.5,0.0,0,0,0,0.0,180.5
181.5,0.0,0,0,0,0.0,181.5
182.5,0.0,0,0,0,0.0,182.5
183.5,0.0,0,0,0,0.0,183.5
184.5,0.0,0,0,0,0.0,184.5
185.5,0.0,0,0,0,0.0,185.5
186.5,0.0,0,0,0,0.0,186.5
187.5,0.0,0,0,0,0.0,187.5
188.5,0.0,0,0,0,0.0,188.5
189.5,0.0,0,0,0,0.0,189.5
190.5,0.0,0,0,0,0.0,190.5
191.5,0.0,0,0,0,0.0,191.5
192.5,0.0,0,0,0,0.0,192.5
193.5,0.0,0,0,0,0.0,193.5
194.5,0.0,0,0,0,0.0,194.5
195.5,0.0,0,0,0,0.0,195.5
196.5,0.0,0,0,0,0.0,196.5
197.5,0.0,0,0,0,0.0,197.5
198.5,0.0,0,0,0,0.0,198.5
199.5,0.0,0,0,0,0.0,199.5
200.5,0.0,0,0,0,0.0,200.5
201.5,0.0,0,0,0,0.0,201.5
202.5,0.0,0,0,0,0.0,202.5
203.5,0.0,0,0,0,0.0,203.5
204.5,0.0,0,0,0,0.0,204.5
205.5,0.0,0,0,0,0.0,205.5
206.5,0.0,0,0,0,0.0,206.5
207.5,0.0,35,0,0,43.808,207.5
208.5,0.0,92,0,0,44.317,208.5
209.5,0.0,16,0,0,45.599,209.5
210.5,0.0,20,12,0,46.834,210.5
211.5,0.0,40,12,0,46.557,211.5
212.5,0.0,18,7,0,45.46,212.5
213.5,0.0,13,12,0,44.02,213.5
214.5,0.0,10,6,0,46.257,214.5
215.5,0.0,12,6,0,47.044,215.5
216.5,0.0,0,0,0,0.0,216.5
217.5,0.0,0,0,0,0.0,217.5
218.5,0.0,0,0,0,0.0,218.5
219.5,0.0,0,0,0,0.0,219.5
220.5,0.0,0,0,0,0.0,220.5
221.5,0.0,0,0,0,0.0,221.5
222.5,0.0,0,0,0,0.0,222.5
223.5,0.0,0,1,0,0.0,223.5
224.5,0.0,0,0,0,0.0,224.5
225.5,0.0,0,0,0,0.0,225.5
226.5,0.0,0,0,0,0.0,226.5
227.5,0.0,0,0,0,0.0,227.5
228.5,0.0,0,0,0,0.0,228.5
229.5,0.0,0,0,0,0.0,229.5
230.5,0.0,0,0,0,0.0,230.5
231.5,0.0,0,0,0,0.0,231.5
232.5,0.0,0,0,0,0.0,232.5
233.5,0.0,0,0,0,0.0,233.5
234.5,0.0,0,0,0,0.0,234.5
235.5,0.0,0,0,0,0.0,235.5
236.5,0.0,0,0,0,0.0,236.5
237.5,0.0,0,0,0,0.0,237.5
238.5,0.0,0,0,0,0.0,238.5
239.5,0.0,0,0,0,0.0,239.5
240.5,0.0,0,0,0,0.0,240.5
241.5,0.0,0,0,0,0.0,241.5
242.5,0.0,0,0,0,0.0,242.5
243.5,0.0,0,0,0,0.0,243.5
244.5,0.0,0,0,0,0.0,244.5
245.5,0.0,0,0,0,0.0,245.5
246.5,0.0,0,0,0,0.0,246.5
247.5,0.0,0,0,0,0.0,247.5
248.5,0.0,0,0,0,0.0,248.5
249.5,0.0,0,0,0,0.0,249.5
250.5,0.0,0,0,0,0.0,250.5
251.5,0.0,0,0,0,0.0,251.5
252.5,0.0,0,0,0,0.0,252.5
253.5,0.0,0,0,0,0.0,253.5
254.5,0.0,0,0,0,0.0,254.5
255.5,0.0,0,0,0,0.0,255.5
256.5,0.0,0,0,0,0.0,256.5
257.5,0.0,0,0,0,0.0,257.5
258.5,0.0,0,0,0,0.0,258.5
259.5,0.0,0,0,0,0.0,259.5
260.5,0.0,0,0,0,0.0,260.5
261.5,0.0,0,0,0,0.0,261.5
262.5,0.0,95,0,0,51.006,262.5
263.5,0.0,20,0,0,52.525,263.5
264.5,0.0,15,0,0,53.734,264.5
265.5,0.0,20,0,0,44.018,265.5
266.5,0.0,58,0,0,31.098,266.5
267.5,0.0,20,0,0,23.146,267.5
268.5,0.0,13,0,0,17.637,268.5
269.5,0.0,18,0,0,20.465,269.5
270.5,0.0,11,0,0,20.735,270.5
271.5,0.0,38,0,0,7.16,271.5
272.5,0.0,23,0,0,8.246,272.5
273.5,0.0,39,0,0,8.084,273.5
274.5,0.0,35,0,0,7.34,274.5
275.5,0.0,17,0,0,40.164,275.5
276.5,0.0,22,0,0,38.899,276.5
277.5,0.0,47,0,0,35.248,277.5
278.5,0.0,23,0,0,54.241,278.5
279.5,0.0,11,0,0,7.38,279.5
280.5,0.0,6,0,0,7.56,280.5
281.5,0.0,19,0,0,7.136,281.5
282.5,0.0,26,0,0,7.213,282.5
283.5,0.0,8,0,0,6.914,283.5
284.5,0.0,12,0,0,8.226,284.5
285.5,0.0,10,0,0,9.51,285.5
286.5,0.0,13,0,0,9.121,286.5
287.5,0.0,14,0,0,11.046,287.5
288.5,0.0,16,3,0,10.937,288.5
289.5,0.0,13,1,0,14.892,289.5
290.5,0.0,10,0,0,13.562,290.5
291.5,0.0,0,0,0,0.0,291.5
292.5,0.0,7,0,0,18.131,292.5
293.5,0.0,8,0,0,15.799,293.5
294.5,0.0,21,0,0,15.131,294.5
295.5,0.0,13,0,0,17.201,295.5
296.5,0.0,10,1,0,17.504,296.5
297.5,0.0,2,0,0,16.302,297.5
298.5,0.0,15,0,0,19.737,298.5
299.5,0.0,11,0,0,17.474,299.5
300.5,0.0,11,0,0,22.483,300.5
301.5,0.0,6,2,0,25.504,301.5
302.5,0.0,1,0,0,15.494,302.5
303.5,0.0,5,0,0,23.59,303.5
304.5,0.0,4,0,0,28.702,304.5
305.5,0.0,4,0,0,29.109,305.5
306.5,0.0,3,0,0,31.815,306.5
307.5,0.0,1,0,0,28.469,307.5
308.5,0.0,4,0,0,32.372,308.5
309.5,0.0,0,0,0,0.0,309.5
310.5,0.0,0,0,0,0.0,310.5
311.5,0.0,2,0,0,20.256,311.5
312.5,0.0,2,0,0,22.301,312.5
313.5,0.0,3,0,0,35.247,313.5
314.5,0.0,0,0,0,0.0,314.5
315.5,0.0,0,0,0,0.0,315.5
316.5,0.0,0,0,0,0.0,316.5
317.5,0.0,0,0,0,0.0,317.5
318.5,0.0,0,0,0,0.0,318.5
319.5,0.0,0,0,0,0.0,319.5
320.5,0.0,0,915,0,0.0,320.5
321.5,0.0,0,1,0,0.0,321.5
322.5,0.0,0,950,0,0.0,322.5
323.5,0.0,0,4139,0,0.0,323.5
324.5,0.0,0,4728,0,0.0,324.5
325.5,0.0,0,4642,0,0.0,325.5
326.5,0.0,0,5075,0,0.0,326.5
327.5,0.0,0,4935,0,0.0,327.5
328.5,0.0,0,4821,0,0.0,328.5
329.5,0.0,0,3743,0,0.0,329.5
330.5,0.0,0,0,0,0.0,330.5
331.5,0.0,0,0,0,0.0,331.5
332.5,0.0,0,0,0,0.0,332.5
333.5,0.0,0,0,0,0.0,333.5
334.5,0.0,0,0,0,0.0,334.5
335.5,0.0,0,4,0,0.0,335.5
336.5,0.0,0,0,0,0.0,336.5
337.5,0.0,0,2,0,0.0,337.5
338.5,0.0,0,15,0,0.0,338.5
339.5,0.0,0,9,0,0.0,339.5
340.5,0.0,0,4,0,0.0,340.5
341.5,0.0,0,6,0,0.0,341.5
342.5,0.0,0,7,0,0.0,342.5
343.5,0.0,0,16,0,0.0,343.5
344.5,0.0,0,44,0,0.0,344.5
345.5,0.0,0,0,0,0.0,345.5
346.5,0.0,0,0,0,0.0,346.5
347.5,0.0,0,0,0,0.0,347.5
348.5,0.0,0,0,0,0.0,348.5
349.5,0.0,0,0,0,0.0,349.5
350.5,0.0,0,4,0,0.0,350.5
351.5,0.0,0,0,0,0.0,351.5
352.5,0.0,0,2,0,0.0,352.5
353.5,0.0,0,15,0,0.0,353.5
354.5,0.0,0,9,0,0.0,354.5
355.5,0.0,0,4,0,0.0,355.5
356.5,0.0,0,6,0,0.0,356.5
357.5,0.0,0,7,0,0.0,357.5
358.5,0.0,0,17,0,0.0,358.5
359.5,0.0,0,43,0,0.0,359.5
360.5,0.0,0,0,0,0.0,360.5
361.5,0.0,0,0,0,0.0,361.5
362.5,0.0,0,0,0,0.0,362.5
363.5,0.0,0,0,0,0.0,363.5
364.5,0.0,0,0,0,0.0,364.5
365.5,0.0,0,4,0,0.0,365.5
366.5,0.0,0,0,0,0.0,366.5
367.5,0.0,0,2,0,0.0,367.5
368.5,0.0,0,15,0,0.0,368.5
369.5,0.0,0,9,0,0.0,369.5
370.5,0.0,0,4,0,0.0,370.5
371.5,0.0,0,6,0,0.0,371.5
372.5,0.0,0,7,0,0.0,372.5
373.5,0.0,0,17,0,0.0,373.5
374.5,0.0,0,43,0,0.0,374.5
375.5,0.0,0,0,0,0.0,375.5
376.5,0.0,0,0,0,0.0,376.5
377.5,0.0,0,0,0,0.0,377.5
378.5,0.0,0,0,0,0.0,378.5
379.5,0.0,0,0,0,0.0,379.5
380.5,0.0,0,0,0,0.0,380.5
381.5,0.0,0,0,0,0.0,381.5
382.5,0.0,0,0,0,0.0,382.5
383.5,0.0,0,0,0,0.0,383.5
384.5,0.0,0,0,0,0.0,384.5
385.5,0.0,0,0,0,0.0,385.5
386.5,0.0,0,0,0,0.0,386.5
387.5,0.0,0,0,0,0.0,387.5
388.5,0.0,0,0,0,0.0,388.5
389.5,0.0,0,0,0,0.0,389.5
390.5,0.0,0,0,0,0.0,390.5
391.5,0.0,0,0,0,0.0,391.5
392.5,0.0,0,0,0,0.0,392.5
393.5,0.0,0,0,0,0.0,393.5
394.5,0.0,0,1,0,0.0,394.5
395.5,0.0,0,0,0,0.0,395.5
396.5,0.0,0,0,0,0.0,396.5
397.5,0.0,0,0,0,0.0,397.5
398.5,0.0,0,3,0,0.0,398.5
399.5,0.0,0,0,0,0.0,399.5
400.5,0.0,0,0,0,0.0,400.5
401.5,0.0,0,0,0,0.0,401.5
402.5,0.0,0,0,0,0.0,402.5
403.5,0.0,0,0,0,0.0,403.5
404.5,0.0,0,0,0,0.0,404.5
405.5,0.0,0,0,0,0.0,405.5
406.5,0.0,0,0,0,0.0,406.5
407.5,0.0,0,0,0,0.0,407.5
408.5,0.0,0,0,0,0.0,408.5
409.5,0.0,0,0,0,0.0,409.5
410.5,0.0,0,0,0,0.0,410.5
411.5,0.0,0,0,0,0.0,411.5
412.5,0.0,0,0,0,0.0,412.5
413.5,0.0,0,0,0,0.0,413.5
414.5,0.0,0,0,0,0.0,414.5
415.5,0.0,0,0,0,0.0,415.5
416.5,0.0,0,0,0,0.0,416.5
417.5,0.0,0,0,0,0.0,417.5
418.5,0.0,0,0,0,0.0,418.5
419.5,0.0,0,0,0,0.0,419.5
420.5,0.0,0,0,0,0.0,420.5
421.5,0.0,0,0,0,0.0,421.5
422.5,0.0,0,0,0,0.0,422.5
423.5,0.0,0,0,0,0.0,423.5
424.5,0.0,0,0,0,0.0,424.5
425.5,0.0,0,0,0,0.0,425.5
426.5,0.0,0,0,0,0.0,426.5
427.5,0.0,0,0,0,0.0,427.5
428.5,0.0,0,0,0,0.0,428.5
429.5,0.0,0,0,0,0.0,429.5
430.5,0.0,0,0,0,0.0,430.5
431.5,0.0,0,0,0,0.0,431.5
432.5,0.0,0,0,0,0.0,432.5
433.5,0.0,0,0,0,0.0,433.5
434.5,0.0,0,0,0,0.0,434.5
435.5,0.0,0,0,0,0.0,435.5
436.5,0.0,0,0,0,0.0,436.5
437.5,0.0,0,0,0,0.0,437.5
438.5,0.0,0,0,0,0.0,438.5
439.5,0.0,0,0,0,0.0,439.5
440.5,0.0,0,0,0,0.0,440.5
441.5,0.0,0,0,0,0.0,441.5
442.5,0.0,0,0,0,0.0,442.5
443.5,0.0,0,0,0,0.0,443.5
444.5,0.0,0,0,0,0.0,444.5
445.5,0.0,0,0,0,0.0,445.5
446.5,0.0,0,0,0,0.0,446.5
447.5,0.0,0,0,0,0.0,447.5
448.5,0.0,0,0,0,0.0,448.5
449.5,0.0,0,0,0,0.0,449.5
450.5,0.0,0,0,0,0.0,450.5
451.5,0.0,0,0,0,0.0,451.5
452.5,0.0,0,0,0,0.0,452.5
453.5,0.0,0,0,0,0.0,453.5
454.5,0.0,0,0,0,0.0,454.5
455.5,0.0,0,0,0,0.0,455.5
456.5,0.0,0,0,0,0.0,456.5
457.5,0.0,0,0,0,0.0,457.5
458.5,0.0,0,0,0,0.0,458.5
459.5,0.0,0,0,0,0.0,459.5
460.5,0.0,0,0,0,0.0,460.5
461.5,0.0,0,0,0,0.0,461.5
462.5,0.0,0,0,0,0.0,462.5
463.5,0.0,0,0,0,0.0,463.5
464.5,0.0,0,0,0,0.0,464.5
465.5,0.0,0,0,0,0.0,465.5
466.5,0.0,0,0,0,0.0,466.5
467.5,0.0,0,0,0,0.0,467.5
468.5,0.0,0,0,0,0.0,468.5
469.5,0.0,0,0,0,0.0,469.5
470.5,0.0,0,0,0,0.0,470.5
471.5,0.0,0,0,0,0.0,471.5
472.5,0.0,0,0,0,0.0,472.5
473.5,0.0,0,0,0,0.0,473.5
474.5,0.0,0,0,0,0.0,474.5
475.5,0.0,0,0,0,0.0,475.5
476.5,0.0,0,0,0,0.0,476.5
477.5,0.0,0,0,0,0.0,477.5
478.5,0.0,0,0,0,0.0,478.5
479.5,0.0,0,0,0,0.0,479.5
480.5,0.0,0,0,0,0.0,480.5
481.5,0.0,0,0,0,0.0,481.5
482.5,0.0,0,0,0,0.0,482.5
483.5,0.0,0,0,0,0.0,483.5
484.5,0.0,0,0,0,0.0,484.5
485.5,0.0,0,0,0,0.0,485.5
486.5,0.0,0,0,0,0.0,486.5
487.5,0.0,0,0,0,0.0,487.5
488.5,0.0,0,0,0,0.0,488.5
489.5,0.0,0,0,0,0.0,489.5
490.5,0.0,0,0,0,0.0,490.5
491.5,0.0,0,0,0,0.0,491.5
492.5,0.0,0,0,0,0.0,492.5
493.5,0.0,0,0,0,0.0,493.5
494.5,0.0,0,0,0,0.0,494.5
495.5,0.0,0,0,0,0.0,495.5
496.5,0.0,0,0,0,0.0,496.5
497.5,0.0,0,0,0,0.0,497.5
498.5,0.0,0,0,0,0.0,498.5
499.5,0.0,0,0,0,0.0,499.5
500.5,0.0,0,0,0,0.0,500.5
501.5,0.0,0,0,0,0.0,501.5
502.5,0.0,0,0,0,0.0,502.5
503.5,0.0,0,0,0,0.0,503.5
504.5,0.0,0,0,0,0.0,504.5
505.5,0.0,0,0,0,0.0,505.5
506.5,0.0,0,0,0,0.0,506.5
507.5,0.0,0,0,0,0.0,507.5
508.5,0.0,0,0,0,0.0,508.5
509.5,0.0,0,0,0,0.0,509.5
510.5,0.0,0,0,0,0.0,510.5
511.5,0.0,0,0,0,0.0,511.5
512.5,0.0,0,0,0,0.0,512.5
513.5,0.0,0,0,0,0.0,513.5
514.5,0.0,0,0,0,0.0,514.5
515.5,0.0,0,0,0,0.0,515.5
516.5,0.0,0,0,0,0.0,516.5
517.5,0.0,0,0,0,0.0,517.5
518.5,0.0,0,0,0,0.0,518.5
519.5,0.0,0,0,0,0.0,519.5
520.5,0.0,0,0,0,0.0,520.5
521.5,0.0,0,0,0,0.0,521.5
522.5,0.0,0,0,0,0.0,522.5
523.5,0.0,0,0,0,0.0,523.5
524.5,0.0,0,0,0,0.0,524.5
525.5,0.0,0,0,0,0.0,525.5
526.5,0.0,0,0,0,0.0,526.5
527.5,0.0,0,0,0,0.0,527.5
528.5,0.0,0,0,0,0.0,528.5
529.5,0.0,0,0,0,0.0,529.5
530.5,0.0,0,0,0,0.0,530.5
531.5,0.0,0,0,0,0.0,531.5
532.5,0.0,0,0,0,0.0,532.5
533.5,0.0,0,0,0,0.0,533.5
534.5,0.0,0,0,0,0.0,534.5
535.5,0.0,0,0,0,0.0,535.5
536.5,0.0,0,0,0,0.0,536.5
537.5,0.0,0,0,0,0.0,537.5
538.5,0.0,0,0,0,0.0,538.5
539.5,0.0,0,0,0,0.0,539.5
540.5,0.0,0,0,0,0.0,540.5
541.5,0.0,0,0,0,0.0,541.5
542.5,0.0,0,0,0,0.0,542.5
543.5,0.0,0,0,0,0.0,543.5
544.5,0.0,0,0,0,0.0,544.5
545.5,0.0,0,0,0,0.0,545.5
546.5,0.0,0,0,0,0.0,546.5
547.5,0.0,0,0,0,0.0,547.5
548.5,0.0,0,0,0,0.0,548.5
549.5,0.0,0,0,0,0.0,549.5
550.5,0.0,0,0,0,0.0,550.5
551.5,0.0,0,0,0,0.0,551.5
552.5,0.0,0,0,0,0.0,552.5
553.5,0.0,0,44,0,0.0,553.5
554.5,0.0,0,35,0,0.0,554.5
555.5,0.0,0,18,0,0.0,555.5
556.5,0.0,6,8,0,203.148,556.5
557.5,0.0,8,1,0,208.538,557.5
558.5,0.0,2,0,0,206.382,558.5
559.5,0.0,4,0,0,218.765,559.5
560.5,0.0,1,0,0,230.799,560.5
561.5,0.0,4,4,0,221.877,561.5
562.5,0.0,5,3,0,216.122,562.5
563.5,0.0,2,0,0,192.063,563.5
564.5,0.0,0,0,0,0.0,564.5
565.5,0.0,1,0,0,236.018,565.5
566.5,0.0,0,0,0,0.0,566.5
567.5,0.0,0,0,0,0.0,567.5
568.5,0.0,0,0,0,0.0,568.5
569.5,0.0,0,1,0,0.0,569.5
570.5,0.0,0,0,0,0.0,570.5
571.5,0.0,0,0,0,0.0,571.5
572.5,0.0,0,0,0,0.0,572.5
573.5,0.0,1,0,0,244.17,573.5
574.5,0.0,1,0,0,20.738,574.5
575.5,0.0,0,0,0,0.0,575.5
576.5,0.0,1,0,0,23.255,576.5
577.5,0.0,0,0,0,0.0,577.5
578.5,0.0,0,0,0,0.0,578.5
579.5,0.0,1,0,0,24.799,579.5
580.5,0.0,0,0,0,0.0,580.5
581.5,0.0,0,0,0,0.0,581.5
582.5,0.0,0,0,0,0.0,582.5
583.5,0.0,0,0,0,0.0,583.5
584.5,0.0,0,0,0,0.0,584.5
585.5,0.0,0,0,0,0.0,585.5
586.5,0.0,0,0,0,0.0,586.5
587.5,0.0,27,0,0,221.454,587.5
588.5,0.0,31,0,0,222.858,588.5
589.5,0.0,12,0,0,240.748,589.5
590.5,0.0,5,0,0,152.618,590.5
591.5,0.0,1,0,0,37.388,591.5
592.5,0.0,0,0,0,0.0,592.5
593.5,0.0,5,0,0,246.247,593.5
594.5,0.0,0,0,0,0.0,594.5
595.5,0.0,7,0,0,241.342,595.5
596.5,0.0,6,0,0,111.935,596.5
597.5,0.0,15,0,0,125.527,597.5
598.5,0.0,16,1,0,78.814,598.5
599.5,0.0,16,0,0,81.759,599.5
600.5,0.0,26,0,0,49.19,600.5
601.5,0.0,32,0,0,16.208,601.5
602.5,0.0,8,1,0,48.804,602.5
603.5,0.0,37,0,0,24.422,603.5
604.5,0.0,8,0,0,7.597,604.5
605.5,0.0,6,1,0,9.604,605.5
606.5,0.0,15,1,0,21.371,606.5
607.5,0.0,4,0,0,17.397,607.5
608.5,0.0,0,0,0,0.0,608.5
609.5,0.0,3,1,0,113.74,609.5
610.5,0.0,2,1,0,31.631,610.5
611.5,0.0,4,0,0,100.508,611.5
612.5,0.0,2,0,0,58.585,612.5
613.5,0.0,3,0,0,135.403,613.5
614.5,0.0,2,0,0,151.019,614.5
615.5,0.0,5,0,0,50.815,615.5
616.5,0.0,6,0,0,99.385,616.5
617.5,0.0,10,0,0,57.153,617.5
618.5,0.0,2,0,0,64.217,618.5
619.5,0.0,2,0,0,11.454,619.5
620.5,0.0,9,0,0,84.913,620.5
621.5,0.0,9,2,0,60.73,621.5
622.5,0.0,10,0,0,66.45,622.5
623.5,0.0,5,0,0,57.494,623.5
624.5,0.0,12,1,0,39.693,624.5
625.5,0.0,8,0,0,40.224,625.5
626.5,0.0,17,0,0,17.509,626.5
627.5,0.0,12,2,0,10.38,627.5
628.5,0.0,19,0,0,7.545,628.5
629.5,0.0,9,2,0,6.692,629.5
630.5,0.0,5,0,0,5.548,630.5
631.5,0.0,2,0,0,6.307,631.5
632.5,0.0,3,1,0,6.363,632.5
633.5,0.0,0,2,0,0.0,633.5
634.5,0.0,0,0,0,0.0,634.5
635.5,0.0,0,0,0,0.0,635.5
636.5,0.0,0,0,0,0.0,636.5
637.5,0.0,0,0,0,0.0,637.5
638.5,0.0,0,0,0,0.0,638.5
639.5,0.0,0,0,0,0.0,639.5
640.5,0.0,0,0,0,0.0,640.5
641.5,0.0,0,0,0,0.0,641.5
642.5,0.0,0,0,0,0.0,642.5
643.5,0.0,0,0,0,0.0,643.5
644.5,0.0,0,0,0,0.0,644.5
645.5,0.0,0,0,0,0.0,645.5
646.5,0.0,0,0,0,0.0,646.5
647.5,0.0,0,0,0,0.0,647.5
648.5,0.0,0,0,0,0.0,648.5
649.5,0.0,0,0,0,0.0,649.5
650.5,0.0,0,0,0,0.0,650.5
651.5,0.0,16,0,0,48.644,651.5
652.5,0.0,46,1,0,49.701,652.5
653.5,0.0,36,0,0,52.448,653.5
654.5,0.0,76,0,0,65.936,654.5
655.5,0.0,11,0,0,35.203,655.5
656.5,0.0,19,1,0,42.937,656.5
657.5,0.0,7,0,0,29.151,657.5
658.5,0.0,12,0,0,29.949,658.5
659.5,0.0,0,0,0,0.0,659.5
660.5,0.0,14,2,0,30.2,660.5
661.5,0.0,11,0,0,32.751,661.5
662.5,0.0,0,0,0,0.0,662.5
663.5,0.0,0,1,0,0.0,663.5
664.5,0.0,0,0,0,0.0,664.5
665.5,0.0,0,0,0,0.0,665.5
666.5,0.0,0,0,0,0.0,666.5
667.5,0.0,0,0,0,0.0,667.5
668.5,0.0,0,0,0,0.0,668.5
669.5,0.0,0,0,0,0.0,669.5
670.5,0.0,0,0,0,0.0,670.5
671.5,0.0,0,0,0,0.0,671.5
672.5,0.0,0,0,0,0.0,672.5
673.5,0.0,0,0,0,0.0,673.5
674.5,0.0,0,0,0,0.0,674.5
675.5,0.0,0,0,0,0.0,675.5
676.5,0.0,0,0,0,0.0,676.5
677.5,0.0,0,0,0,0.0,677.5
678.5,0.0,0,0,0,0.0,678.5
679.5,0.0,0,0,0,0.0,679.5
680.5,0.0,0,0,0,0.0,680.5
681.5,0.0,0,0,0,0.0,681.5
682.5,0.0,0,0,0,0.0,682.5
683.5,0.0,0,0,0,0.0,683.5
684.5,0.0,0,0,0,0.0,684.5
685.5,0.0,0,0,0,0.0,685.5
686.5,0.0,0,0,0,0.0,686.5
687.5,0.0,0,0,0,0.0,687.5
688.5,0.0,0,0,0,0.0,688.5
689.5,0.0,1,0,0,89.036,689.5
690.5,0.0,0,0,0,0.0,690.5
691.5,0.0,0,0,0,0.0,691.5
692.5,0.0,0,0,0,0.0,692.5
693.5,0.0,0,0,0,0.0,693.5
694.5,0.0,0,0,0,0.0,694.5
695.5,0.0,1,0,0,94.911,695.5
696.5,0.0,0,0,0,0.0,696.5
697.5,0.0,19,0,0,42.904,697.5
698.5,0.0,18,1,0,48.393,698.5
699.5,0.0,8,0,0,46.239,699.5
700.5,0.0,12,4,0,46.203,700.5
701.5,0.0,32,0,0,46.512,701.5
702.5,0.0,27,2,0,47.371,702.5
703.5,0.0,31,0,0,35.402,703.5
704.5,0.0,24,0,0,37.222,704.5
705.5,0.0,40,0,0,31.831,705.5
706.5,0.0,21,2,0,26.154,706.5
707.5,0.0,37,1,0,18.573,707.5
708.5,0.0,52,0,0,15.818,708.5
709.5,0.0,36,0,0,15.839,709.5
710.5,0.0,13,0,0,31.097,710.5
711.5,0.0,18,1,0,10.492,711.5
712.5,0.0,14,0,0,7.712,712.5
713.5,0.0,13,1,0,8.897,713.5
714.5,0.0,40,1,0,18.461,714.5
715.5,0.0,23,1,0,7.556,715.5
716.5,0.0,14,0,0,12.014,716.5
717.5,0.0,30,0,0,22.094,717.5
718.5,0.0,28,0,0,23.734,718.5
719.5,0.0,9,0,0,8.999,719.5
720.5,0.0,41,0,0,11.823,720.5
721.5,0.0,26,3,0,10.771,721.5
722.5,0.0,15,0,0,6.637,722.5
723.5,0.0,11,0,0,9.465,723.5
724.5,0.0,47,2,0,9.632,724.5
725.5,0.0,16,1,0,5.165,725.5
726.5,0.0,15,1,0,4.619,726.5
727.5,0.0,5,0,0,6.972,727.5
728.5,0.0,7,1,0,3.128,728.5
729.5,0.0,3,0,0,5.856,729.5
730.5,0.0,0,0,0,0.0,730.5
731.5,0.0,0,0,0,0.0,731.5
732.5,0.0,0,0,0,0.0,732.5
733.5,0.0,0,0,0,0.0,733.5
734.5,0.0,0,0,0,0.0,734.5
735.5,0.0,0,0,0,0.0,735.5
736.5,0.0,0,0,0,0.0,736.5
737.5,0.0,0,0,0,0.0,737.5
738.5,0.0,0,0,0,0.0,738.5
739.5,0.0,0,0,0,0.0,739.5
740.5,0.0,47,0,0,17.057,740.5
741.5,0.0,53,3,0,16.918,741.5
742.5,0.0,57,0,0,15.053,742.5
743.5,0.0,53,1,0,15.256,743.5
744.5,0.0,51,1,0,19.928,744.5
745.5,0.0,40,1,0,10.356,745.5
746.5,0.0,1,0,0,31.797,746.5
747.5,0.0,28,1,0,34.903,747.5
748.5,0.0,1,2,0,40.395,748.5
749.5,0.0,8,0,0,36.732,749.5
750.5,0.0,0,0,0,0.0,750.5
751.5,0.0,0,0,0,0.0,751.5
752.5,0.0,1,0,0,10.096,752.5
753.5,0.0,14,0,0,26.68,753.5
754.5,0.0,7,3,0,12.692,754.5
755.5,0.0,21,0,0,12.051,755.5
756.5,0.0,26,2,0,12.12,756.5
757.5,0.0,13,2,0,12.112,757.5
758.5,0.0,34,0,0,12.02,758.5
759.5,0.0,25,0,0,13.804,759.5
760.5,0.0,28,1,0,15.677,760.5
761.5,0.0,8,1,0,18.337,761.5
762.5,0.0,5,1,0,15.278,762.5
763.5,0.0,1,0,0,18.801,763.5
764.5,0.0,1,0,0,14.727,764.5
765.5,0.0,0,0,0,0.0,765.5
766.5,0.0,0,0,0,0.0,766.5
767.5,0.0,0,0,0,0.0,767.5
768.5,0.0,0,0,0,0.0,768.5
769.5,0.0,0,0,0,0.0,769.5
770.5,0.0,0,0,0,0.0,770.5
771.5,0.0,0,0,0,0.0,771.5
772.5,0.0,0,0,0,0.0,772.5
773.5,0.0,0,0,0,0.0,773.5
774.5,0.0,0,0,0,0.0,774.5
775.5,0.0,0,0,0,0.0,775.5
776.5,0.0,0,0,0,0.0,776.5
777.5,0.0,2,0,0,19.966,777.5
778.5,0.0,5,0,0,22.369,778.5
779.5,0.0,23,1,0,22.778,779.5
780.5,0.0,27,0,0,24.664,780.5
781.5,0.0,9,1,0,24.84,781.5
782.5,0.0,8,0,0,27.339,782.5
783.5,0.0,26,2,0,30.816,783.5
784.5,0.0,51,0,0,32.695,784.5
785.5,0.0,13,1,0,38.893,785.5
786.5,0.0,29,0,0,38.8,786.5
787.5,0.0,8,1,0,28.896,787.5
788.5,0.0,26,1,0,31.256,788.5
789.5,0.0,11,0,0,30.299,789.5
790.5,0.0,11,0,0,31.527,790.5
791.5,0.0,2,1,0,38.984,791.5
792.5,0.0,0,1,0,0.0,792.5
793.5,0.0,0,0,0,0.0,793.5
794.5,0.0,0,0,0,0.0,794.5
795.5,0.0,1,0,0,52.982,795.5
796.5,0.0,0,0,0,0.0,796.5
797.5,0.0,0,0,0,0.0,797.5
798.5,0.0,1,0,0,38.676,798.5
799.5,0.0,0,0,0,0.0,799.5
800.5,0.0,0,0,0,0.0,800.5
801.5,0.0,0,0,0,0.0,801.5
802.5,0.0,0,0,0,0.0,802.5
803.5,0.0,0,0,0,0.0,803.5
804.5,0.0,0,0,0,0.0,804.5
805.5,0.0,0,0,0,0.0,805.5
806.5,0.0,0,0,0,0.0,806.5
807.5,0.0,0,0,0,0.0,807.5
808.5,0.0,0,0,0,0.0,808.5
809.5,0.0,0,0,0,0.0,809.5
810.5,0.0,0,0,0,0.0,810.5
811.5,0.0,0,0,0,0.0,811.5
812.5,0.0,0,0,0,0.0,812.5
813.5,0.0,0,0,0,0.0,813.5
814.5,0.0,0,0,0,0.0,814.5
815.5,0.0,0,0,0,0.0,815.5
816.5,0.0,0,0,0,0.0,816.5
817.5,0.0,0,0,0,0.0,817.5
818.5,0.0,0,0,0,0.0,818.5
819.5,0.0,0,0,0,0.0,819.5
820.5,0.0,0,0,0,0.0,820.5
821.5,0.0,0,0,0,0.0,821.5
822.5,0.0,0,0,0,0.0,822.5
823.5,0.0,0,0,0,0.0,823.5
824.5,0.0,0,0,0,0.0,824.5
825.5,0.0,0,0,0,0.0,825.5
826.5,0.0,0,0,0,0.0,826.5
827.5,0.0,83,0,0,43.073,827.5
828.5,0.0,19,1,0,43.972,828.5
829.5,0.0,11,1,0,44.54,829.5
830.5,0.0,72,1,0,48.859,830.5
831.5,0.0,15,0,0,48.437,831.5
832.5,0.0,3,2,0,43.855,832.5
833.5,0.0,1,1,0,44.44,833.5
834.5,0.0,0,1,0,0.0,834.5
835.5,0.0,1,1,0,46.526,835.5
836.5,0.0,0,0,0,0.0,836.5
837.5,0.0,0,2,0,0.0,837.5
838.5,0.0,0,1,0,0.0,838.5
839.5,0.0,0,0,0,0.0,839.5
840.5,0.0,0,0,0,0.0,840.5
841.5,0.0,2,0,0,53.079,841.5
842.5,0.0,1,0,0,52.517,842.5
843.5,0.0,2,0,0,53.333,843.5
844.5,0.0,5,0,0,55.528,844.5
845.5,0.0,3,0,0,56.078,845.5
846.5,0.0,0,0,0,0.0,846.5
847.5,0.0,1,0,0,60.19,847.5
848.5,0.0,0,0,0,0.0,848.5
849.5,0.0,0,0,0,0.0,849.5
850.5,0.0,1,0,0,59.764,850.5
851.5,0.0,3,1,0,58.813,851.5
852.5,0.0,8,0,0,43.426,852.5
853.5,0.0,10,0,0,24.408,853.5
854.5,0.0,1,1,0,26.947,854.5
855.5,0.0,9,0,0,35.816,855.5
856.5,0.0,0,0,0,0.0,856.5
857.5,0.0,0,0,0,0.0,857.5
858.5,0.0,1,0,0,31.803,858.5
859.5,0.0,9,0,0,39.343,859.5
860.5,0.0,11,1,0,39.592,860.5
861.5,0.0,19,2,0,39.107,861.5
862.5,0.0,8,0,0,31.998,862.5
863.5,0.0,4,0,0,38.409,863.5
864.5,0.0,3,0,0,18.793,864.5
865.5,0.0,4,0,0,37.805,865.5
866.5,0.0,13,0,0,37.024,866.5
867.5,0.0,0,0,0,0.0,867.5
868.5,0.0,7,1,0,44.897,868.5
869.5,0.0,16,2,0,28.441,869.5
870.5,0.0,25,0,0,19.966,870.5
871.5,0.0,43,2,0,35.87,871.5
872.5,0.0,21,0,0,32.33,872.5
873.5,0.0,4,0,0,7.68,873.5
874.5,0.0,9,0,0,30.759,874.5
875.5,0.0,19,0,0,14.921,875.5
876.5,0.0,19,3,0,14.376,876.5
877.5,0.0,2,0,0,48.33,877.5
878.5,0.0,0,0,0,0.0,878.5
879.5,0.0,13,0,0,41.023,879.5
880.5,0.0,28,1,0,23.232,880.5
881.5,0.0,35,1,0,16.865,881.5
882.5,0.0,31,2,0,21.485,882.5
883.5,0.0,32,0,0,11.677,883.5
884.5,0.0,18,1,0,22.937,884.5
885.5,0.0,3,0,0,42.349,885.5
886.5,0.0,7,2,0,38.998,886.5
887.5,0.0,6,0,0,30.976,887.5
888.5,0.0,1,0,0,6.523,888.5
889.5,0.0,12,0,0,15.321,889.5
890.5,0.0,4,0,0,24.316,890.5
891.5,0.0,14,2,0,11.596,891.5
892.5,0.0,19,1,0,10.955,892.5
893.5,0.0,15,0,0,12.289,893.5
894.5,0.0,1,2,0,13.579,894.5
895.5,0.0,0,1,0,0.0,895.5
896.5,0.0,2,0,0,16.447,896.5
897.5,0.0,4,0,0,16.033,897.5
898.5,0.0,10,0,0,25.952,898.5
899.5,0.0,2,0,0,14.299,899.5
900.5,0.0,15,1,0,34.594,900.5
901.5,0.0,15,1,0,23.237,901.5
902.5,0.0,10,0,0,15.395,902.5
903.5,0.0,4,1,0,18.209,903.5
904.5,0.0,7,1,0,22.445,904.5
905.5,0.0,4,0,0,17.612,905.5
906.5,0.0,7,1,0,61.553,906.5
907.5,0.0,0,0,0,0.0,907.5
908.5,0.0,21,0,0,18.686,908.5
909.5,0.0,25,3,0,32.272,909.5
910.5,0.0,13,0,0,11.744,910.5
911.5,0.0,17,2,0,14.85,911.5
912.5,0.0,8,0,0,10.632,912.5
913.5,0.0,7,1,0,23.578,913.5
914.5,0.0,9,0,0,23.135,914.5
915.5,0.0,9,0,0,22.306,915.5
916.5,0.0,16,2,0,23.431,916.5
917.5,0.0,12,0,0,44.728,917.5
918.5,0.0,3,0,0,29.184,918.5
919.5,0.0,0,0,0,0.0,919.5
920.5,0.0,31,2,0,27.983,920.5
921.5,0.0,37,3,0,11.376,921.5
922.5,0.0,18,1,0,12.075,922.5
923.5,0.0,16,0,0,13.571,923.5
924.5,0.0,14,1,0,13.426,924.5
925.5,0.0,15,2,0,8.12,925.5
926.5,0.0,20,1,0,9.851,926.5
927.5,0.0,9,1,0,19.297,927.5
928.5,0.0,20,1,0,22.933,928.5
929.5,0.0,8,0,0,39.214,929.5
930.5,0.0,14,0,0,26.383,930.5
931.5,0.0,1,0,0,8.255,931.5
932.5,0.0,27,1,0,25.787,932.5
933.5,0.0,17,3,0,7.325,933.5
934.5,0.0,45,3,0,9.463,934.5
935.5,0.0,20,0,0,6.537,935.5
936.5,0.0,24,1,0,4.966,936.5
937.5,0.0,28,1,0,18.018,937.5
938.5,0.0,24,2,0,7.456,938.5
939.5,0.0,28,1,0,7.78,939.5
940.5,0.0,22,2,0,15.61,940.5
941.5,0.0,23,1,0,4.925,941.5
942.5,0.0,26,1,0,8.167,942.5
943.5,0.0,14,1,0,8.911,943.5
944.5,0.0,52,1,0,5.145,944.5
945.5,0.0,3,0,0,8.025,945.5
946.5,0.0,25,2,0,6.234,946.5
947.5,0.0,9,0,0,5.703,947.5
948.5,0.0,21,0,0,6.147,948.5
949.5,0.0,23,1,0,17.65,949.5
950.5,0.0,6,2,0,17.531,950.5
951.5,0.0,11,1,0,5.598,951.5
952.5,0.0,10,0,0,6.022,952.5
953.5,0.0,11,3,0,5.013,953.5
954.5,0.0,4,0,0,8.028,954.5
955.5,0.0,47,0,0,10.072,955.5
956.5,0.0,8,0,0,7.038,956.5
957.5,0.0,18,1,0,4.11,957.5
958.5,0.0,17,0,0,9.422,958.5
959.5,0.0,19,0,0,40.095,959.5
960.5,0.0,28,0,0,31.719,960.5
961.5,0.0,22,0,0,18.654,961.5
962.5,0.0,32,1,0,9.668,962.5
963.5,0.0,7,1,0,19.205,963.5
964.5,0.0,0,0,0,0.0,964.5
965.5,0.0,0,0,0,0.0,965.5
966.5,0.0,0,0,0,0.0,966.5
967.5,0.0,0,0,0,0.0,967.5
968.5,0.0,0,0,0,0.0,968.5
969.5,0.0,0,0,0,0.0,969.5
970.5,0.0,0,426,0,0.0,970.5
971.5,0.0,0,55,0,0.0,971.5
972.5,0.0,0,1,0,0.0,972.5
973.5,0.0,0,5125,0,0.0,973.5
974.5,0.0,0,5225,0,0.0,974.5
975.5,0.0,0,4779,0,0.0,975.5
976.5,0.0,0,2845,0,0.0,976.5
977.5,0.0,0,3,0,0.0,977.5
978.5,0.0,0,0,0,0.0,978.5
979.5,0.0,0,0,0,0.0,979.5
980.5,0.0,0,0,0,0.0,980.5
981.5,0.0,0,0,0,0.0,981.5
982.5,0.0,0,0,0,0.0,982.5
983.5,0.0,0,0,0,0.0,983.5
984.5,0.0,0,0,0,0.0,984.5
985.5,0.0,0,0,0,0.0,985.5
986.5,0.0,0,0,0,0.0,986.5
987.5,0.0,0,0,0,0.0,987.5
988.5,0.0,0,0,0,0.0,988.5
989.5,0.0,0,0,0,0.0,989.5
990.5,0.0,0,0,0,0.0,990.5
991.5,0.0,0,0,0,0.0,991.5
992.5,0.0,0,0,0,0.0,992.5
993.5,0.0,0,0,0,0.0,993.5
994.5,0.0,0,0,0,0.0,994.5
995.5,0.0,0,0,0,0.0,995.5
996.5,0.0,0,0,0,0.0,996.5
997.5,0.0,0,0,0,0.0,997.5
998.5,0.0,0,0,0,0.0,998.5
999.5,0.0,0,0,0,0.0,999.5
1000.5,0.0,0,0,0,0.0,1000.5
1001.5,0.0,0,0,0,0.0,1001.5
1002.5,0.0,0,0,0,0.0,1002.5
1003.5,0.0,0,0,0,0.0,1003.5
1004.5,0.0,0,0,0,0.0,1004.5
1005.5,0.0,0,0,0,0.0,1005.5
1006.5,0.0,0,0,0,0.0,1006.5
1007.5,0.0,0,0,0,0.0,1007.5
1008.5,0.0,0,0,0,0.0,1008.5
1009.5,0.0,0,0,0,0.0,1009.5
1010.5,0.0,0,0,0,0.0,1010.5
1011.5,0.0,0,0,0,0.0,1011.5
1012.5,0.0,0,0,0,0.0,1012.5
1013.5,0.0,0,0,0,0.0,1013.5
1014.5,0.0,0,0,0,0.0,1014.5
1015.5,0.0,0,0,0,0.0,1015.5
1016.5,0.0,0,0,0,0.0,1016.5
1017.5,0.0,0,0,0,0.0,1017.5
1018.5,0.0,0,0,0,0.0,1018.5
1019.5,0.0,0,0,0,0.0,1019.5
1020.5,0.0,0,0,0,0.0,1020.5
1021.5,0.0,0,0,0,0.0,1021.5
1022.5,0.0,0,0,0,0.0,1022.5
1023.5,0.0,0,0,0,0.0,1023.5
1024.5,0.0,0,0,0,0.0,1024.5
1025.5,0.0,0,0,0,0.0,1025.5
1026.5,0.0,0,0,0,0.0,1026.5
1027.5,0.0,0,0,0,0.0,1027.5
1028.5,0.0,0,0,0,0.0,1028.5
1029.5,0.0,0,0,0,0.0,1029.5
1030.5,0.0,0,0,0,0.0,1030.5
1031.5,0.0,0,0,0,0.0,1031.5
1032.5,0.0,0,0,0,0.0,1032.5
1033.5,0.0,0,0,0,0.0,1033.5
1034.5,0.0,0,0,0,0.0,1034.5
1035.5,0.0,0,0,0,0.0,1035.5
1036.5,0.0,0,0,0,0.0,1036.5
1037.5,0.0,0,0,0,0.0,1037.5
1038.5,0.0,0,0,0,0.0,1038.5
1039.5,0.0,0,0,0,0.0,1039.5
1040.5,0.0,0,0,0,0.0,1040.5
1041.5,0.0,0,0,0,0.0,1041.5
1042.5,0.0,0,0,0,0.0,1042.5
1043.5,0.0,0,0,0,0.0,1043.5
1044.5,0.0,0,0,0,0.0,1044.5
1045.5,0.0,0,0,0,0.0,1045.5
1046.5,0.0,0,0,0,0.0,1046.5
1047.5,0.0,0,0,0,0.0,1047.5
1048.5,0.0,0,0,0,0.0,1048.5
1049.5,0.0,0,0,0,0.0,1049.5
1050.5,0.0,0,0,0,0.0,1050.5
1051.5,0.0,0,0,0,0.0,1051.5
1052.5,0.0,0,0,0,0.0,1052.5
1053.5,0.0,0,0,0,0.0,1053.5
1054.5,0.0,0,0,0,0.0,1054.5
1055.5,0.0,0,0,0,0.0,1055.5
1056.5,0.0,0,0,0,0.0,1056.5
1057.5,0.0,0,0,0,0.0,1057.5
1058.5,0.0,0,0,0,0.0,1058.5
1059.5,0.0,0,0,0,0.0,1059.5
1060.5,0.0,0,0,0,0.0,1060.5
1061.5,0.0,0,0,0,0.0,1061.5
1062.5,0.0,0,0,0,0.0,1062.5
1063.5,0.0,0,0,0,0.0,1063.5
1064.5,0.0,0,0,0,0.0,1064.5
1065.5,0.0,0,0,0,0.0,1065.5
1066.5,0.0,0,0,0,0.0,1066.5
1067.5,0.0,0,0,0,0.0,1067.5
1068.5,0.0,0,0,0,0.0,1068.5
1069.5,0.0,0,0,0,0.0,1069.5
1070.5,0.0,0,0,0,0.0,1070.5
1071.5,0.0,0,0,0,0.0,1071.5
1072.5,0.0,0,0,0,0.0,1072.5
1073.5,0.0,0,0,0,0.0,1073.5
1074.5,0.0,0,0,0,0.0,1074.5
1075.5,0.0,0,0,0,0.0,1075.5
1076.5,0.0,0,0,0,0.0,1076.5
1077.5,0.0,0,0,0,0.0,1077.5
1078.5,0.0,0,0,0,0.0,1078.5
1079.5,0.0,0,0,0,0.0,1079.5
1080.5,0.0,0,0,0,0.0,1080.5
1081.5,0.0,0,0,0,0.0,1081.5
1082.5,0.0,0,0,0,0.0,1082.5
1083.5,0.0,0,0,0,0.0,1083.5
1084.5,0.0,0,0,0,0.0,1084.5
1085.5,0.0,0,0,0,0.0,1085.5
1086.5,0.0,0,0,0,0.0,1086.5
1087.5,0.0,0,0,0,0.0,1087.5
1088.5,0.0,0,0,0,0.0,1088.5
1089.5,0.0,0,0,0,0.0,1089.5
1090.5,0.0,0,0,0,0.0,1090.5
1091.5,0.0,0,0,0,0.0,1091.5
1092.5,0.0,0,0,0,0.0,1092.5
1093.5,0.0,0,0,0,0.0,1093.5
1094.5,0.0,0,0,0,0.0,1094.5
1095.5,0.0,0,0,0,0.0,1095.5
1096.5,0.0,0,0,0,0.0,1096.5
1097.5,0.0,0,0,0,0.0,1097.5
1098.5,0.0,0,0,0,0.0,1098.5
1099.5,0.0,0,0,0,0.0,1099.5
1100.5,0.0,0,0,0,0.0,1100.5
1101.5,0.0,0,0,0,0.0,1101.5
1102.5,0.0,0,0,0,0.0,1102.5
1103.5,0.0,0,0,0,0.0,1103.5
1104.5,0.0,0,0,0,0.0,1104.5
1105.5,0.0,0,0,0,0.0,1105.5
1106.5,0.0,0,0,0,0.0,1106.5
1107.5,0.0,0,0,0,0.0,1107.5
1108.5,0.0,0,0,0,0.0,1108.5
1109.5,0.0,0,0,0,0.0,1109.5
1110.5,0.0,0,0,0,0.0,1110.5
1111.5,0.0,0,0,0,0.0,1111.5
1112.5,0.0,0,0,0,0.0,1112.5
1113.5,0.0,0,0,0,0.0,1113.5
1114.5,0.0,0,0,0,0.0,1114.5
1115.5,0.0,0,0,0,0.0,1115.5
1116.5,0.0,0,0,0,0.0,1116.5
1117.5,0.0,0,0,0,0.0,1117.5
1118.5,0.0,0,0,0,0.0,1118.5
1119.5,0.0,0,0,0,0.0,1119.5
1120.5,0.0,0,0,0,0.0,1120.5
1121.5,0.0,0,0,0,0.0,1121.5
1122.5,0.0,0,0,0,0.0,1122.5
1123.5,0.0,0,0,0,0.0,1123.5
1124.5,0.0,0,0,0,0.0,1124.5
1125.5,0.0,0,0,0,0.0,1125.5
1126.5,0.0,0,0,0,0.0,1126.5
1127.5,0.0,0,0,0,0.0,1127.5
1128.5,0.0,0,0,0,0.0,1128.5
1129.5,0.0,0,0,0,0.0,1129.5
1130.5,0.0,0,0,0,0.0,1130.5
1131.5,0.0,0,0,0,0.0,1131.5
1132.5,0.0,0,0,0,0.0,1132.5
1133.5,0.0,0,0,0,0.0,1133.5
1134.5,0.0,0,0,0,0.0,1134.5
1135.5,0.0,0,0,0,0.0,1135.5
1136.5,0.0,0,0,0,0.0,1136.5
1137.5,0.0,0,0,0,0.0,1137.5
1138.5,0.0,0,0,0,0.0,1138.5
1139.5,0.0,0,0,0,0.0,1139.5
1140.5,0.0,0,0,0,0.0,1140.5
1141.5,0.0,0,0,0,0.0,1141.5
1142.5,0.0,0,0,0,0.0,1142.5
1143.5,0.0,0,0,0,0.0,1143.5
1144.5,0.0,0,0,0,0.0,1144.5
1145.5,0.0,0,0,0,0.0,1145.5
1146.5,0.0,0,0,0,0.0,1146.5
1147.5,0.0,0,0,0,0.0,1147.5
1148.5,0.0,0,0,0,0.0,1148.5
1149.5,0.0,0,0,0,0.0,1149.5
1150.5,0.0,0,0,0,0.0,1150.5
1151.5,0.0,0,0,0,0.0,1151.5
1152.5,0.0,0,0,0,0.0,1152.5
1153.5,0.0,0,0,0,0.0,1153.5
1154.5,0.0,0,0,0,0.0,1154.5
1155.5,0.0,0,0,0,0.0,1155.5
1156.5,0.0,0,0,0,0.0,1156.5
1157.5,0.0,0,0,0,0.0,1157.5
1158.5,0.0,0,0,0,0.0,1158.5
1159.5,0.0,0,0,0,0.0,1159.5
1160.5,0.0,0,0,0,0.0,1160.5
1161.5,0.0,0,0,0,0.0,1161.5
1162.5,0.0,0,0,0,0.0,1162.5
1163.5,0.0,0,0,0,0.0,1163.5
1164.5,0.0,0,0,0,0.0,1164.5
1165.5,0.0,0,0,0,0.0,1165.5
1166.5,0.0,0,0,0,0.0,1166.5
1167.5,0.0,0,0,0,0.0,1167.5
1168.5,0.0,0,0,0,0.0,1168.5
1169.5,0.0,0,0,0,0.0,1169.5
1170.5,0.0,0,0,0,0.0,1170.5
1171.5,0.0,0,0,0,0.0,1171.5
1172.5,0.0,0,0,0,0.0,1172.5
1173.5,0.0,0,0,0,0.0,1173.5
1174.5,0.0,0,0,0,0.0,1174.5
1175.5,0.0,0,0,0,0.0,1175.5
1176.5,0.0,0,0,0,0.0,1176.5
1177.5,0.0,0,0,0,0.0,1177.5
1178.5,0.0,0,0,0,0.0,1178.5
1179.5,0.0,0,0,0,0.0,1179.5
1180.5,0.0,0,0,0,0.0,1180.5
1181.5,0.0,0,0,0,0.0,1181.5
1182.5,0.0,0,0,0,0.0,1182.5
1183.5,0.0,0,5,0,0.0,1183.5
1184.5,0.0,2,0,0,209.949,1184.5
1185.5,0.0,8,0,0,210.753,1185.5
1186.5,0.0,18,0,0,212.384,1186.5
1187.5,0.0,0,0,0,0.0,1187.5
1188.5,0.0,7,0,0,215.153,1188.5
1189.5,0.0,5,0,0,215.018,1189.5
