Url,Start,Stop
http://172.16.192.17:30080/tools.descartes.teastore.webui/,2143394016132,2294392455110
http://172.16.192.17:30080/tools.descartes.teastore.webui/,2188423371619,2297890128971
http://172.16.192.17:30080/tools.descartes.teastore.webui/,2188472185695,2297891196790
http://172.16.192.17:30080/tools.descartes.teastore.webui/,2188424981448,2297987598721
http://172.16.192.17:30080/tools.descartes.teastore.webui/,2188474781841,2297990274283
http://172.16.192.17:30080/tools.descartes.teastore.webui/,2188421141340,2298199424904
http://172.16.192.17:30080/tools.descartes.teastore.webui/,2188410983710,2298390572940
http://172.16.192.17:30080/tools.descartes.teastore.webui/,2188412218148,2298489597052
http://172.16.192.17:30080/tools.descartes.teastore.webui/,2188412370295,2298490221457
http://172.16.192.17:30080/tools.descartes.teastore.webui/,2188422414393,2299126645083
http://172.16.192.17:30080/tools.descartes.teastore.webui/,2188433966811,2299188680417
http://172.16.192.17:30080/tools.descartes.teastore.webui/,2188412516143,2299190120423
http://172.16.192.17:30080/tools.descartes.teastore.webui/,2143391818872,2299288710884
http://172.16.192.17:30080/tools.descartes.teastore.webui/,2188413028363,2299289930941
http://172.16.192.17:30080/tools.descartes.teastore.webui/,2143402860189,2299291213169
http://172.16.192.17:30080/tools.descartes.teastore.webui/,2188413933084,2299388286367
http://172.16.192.17:30080/tools.descartes.teastore.webui/,2188409751511,2299488580674
http://172.16.192.17:30080/tools.descartes.teastore.webui/,2188431702946,2299488981894
http://172.16.192.17:30080/tools.descartes.teastore.webui/,2188426590008,2299491483480
http://172.16.192.17:30080/tools.descartes.teastore.webui/,2188418299053,2299494221868
http://172.16.192.17:30080/tools.descartes.teastore.webui/,2188418059339,2299587367783
http://172.16.192.17:30080/tools.descartes.teastore.webui/,2188409112051,2299590482549
http://172.16.192.17:30080/tools.descartes.teastore.webui/,2188433426367,2299591080280
http://172.16.192.17:30080/tools.descartes.teastore.webui/,2188439743333,2299690084516
http://172.16.192.17:30080/tools.descartes.teastore.webui/,2188470410024,2299787861223
http://172.16.192.17:30080/tools.descartes.teastore.webui/,2188437445031,2299787986363
http://172.16.192.17:30080/tools.descartes.teastore.webui/,2188451678773,2299888883593
http://172.16.192.17:30080/tools.descartes.teastore.webui/,2188435265349,2299889589429
http://172.16.192.17:30080/tools.descartes.teastore.webui/,2188418590347,2299890334952
http://172.16.192.17:30080/tools.descartes.teastore.webui/,2188419658736,2299892750988
http://172.16.192.17:30080/tools.descartes.teastore.webui/,2188434478276,2299988801457
http://172.16.192.17:30080/tools.descartes.teastore.webui/,2188460065926,2299990974913
http://172.16.192.17:30080/tools.descartes.teastore.webui/,2188472363950,2299991634984
http://172.16.192.17:30080/tools.descartes.teastore.webui/,2188422706623,2300088502592
http://172.16.192.17:30080/tools.descartes.teastore.webui/,2188408673555,2300188229696
http://172.16.192.17:30080/tools.descartes.teastore.webui/,2188431480759,2300189787519
http://172.16.192.17:30080/tools.descartes.teastore.webui/,2188435417625,2300193176265
http://172.16.192.17:30080/tools.descartes.teastore.webui/,2188412064755,2300389413942
http://172.16.192.17:30080/tools.descartes.teastore.webui/,2188424791295,2300390107691
http://172.16.192.17:30080/tools.descartes.teastore.webui/,2188445379713,2300390924548
http://172.16.192.17:30080/tools.descartes.teastore.webui/,2188425194253,2300391705068
http://172.16.192.17:30080/tools.descartes.teastore.webui/,2188429392249,2300489768142
http://172.16.192.17:30080/tools.descartes.teastore.webui/,2188428956243,2300490745975
http://172.16.192.17:30080/tools.descartes.teastore.webui/,2188465911083,2300587608604
http://172.16.192.17:30080/tools.descartes.teastore.webui/,2188471298601,2300589224251
http://172.16.192.17:30080/tools.descartes.teastore.webui/,2188427573271,2300589993968
http://172.16.192.17:30080/tools.descartes.teastore.webui/,2188410728992,2300591006260
http://172.16.192.17:30080/tools.descartes.teastore.webui/,2188438281750,2300591506008
http://172.16.192.17:30080/tools.descartes.teastore.webui/,2188411257443,2300592329545
http://172.16.192.17:30080/tools.descartes.teastore.webui/,2188426945015,2300592823413
http://172.16.192.17:30080/tools.descartes.teastore.webui/,2188447923724,2300593887839
http://172.16.192.17:30080/tools.descartes.teastore.webui/,2143389802993,2300688632303
http://172.16.192.17:30080/tools.descartes.teastore.webui/,2188449448181,2300692753192
http://172.16.192.17:30080/tools.descartes.teastore.webui/,2188453386040,2300789112863
http://172.16.192.17:30080/tools.descartes.teastore.webui/,2188425662655,2300789805668
http://172.16.192.17:30080/tools.descartes.teastore.webui/,2188436218186,2300790950424
http://172.16.192.17:30080/tools.descartes.teastore.webui/,2188430930741,2300791632592
http://172.16.192.17:30080/tools.descartes.teastore.webui/,2188467674359,2300792312699
http://172.16.192.17:30080/tools.descartes.teastore.webui/,2188473519869,2300888945658
http://172.16.192.17:30080/tools.descartes.teastore.webui/,2188437333083,2300889697182
http://172.16.192.17:30080/tools.descartes.teastore.webui/,2188456733456,2300890549391
http://172.16.192.17:30080/tools.descartes.teastore.webui/,2188411457082,2300891283806
http://172.16.192.17:30080/tools.descartes.teastore.webui/,2188459395545,2300891946853
http://172.16.192.17:30080/tools.descartes.teastore.webui/,2188466592962,2300989344321
http://172.16.192.17:30080/tools.descartes.teastore.webui/,2188457096407,2300989889807
http://172.16.192.17:30080/tools.descartes.teastore.webui/,2188409934498,2300990611170
http://172.16.192.17:30080/tools.descartes.teastore.webui/,2188425810704,2300991206828
http://172.16.192.17:30080/tools.descartes.teastore.webui/,2188434073509,2300991917694
http://172.16.192.17:30080/tools.descartes.teastore.webui/,2188458550757,2301031884767
http://172.16.192.17:30080/tools.descartes.teastore.webui/,2188437050292,2301031952927
http://172.16.192.17:30080/tools.descartes.teastore.webui/,2188432450887,2301089053837
http://172.16.192.17:30080/tools.descartes.teastore.webui/,2188410082908,2301089933914
http://172.16.192.17:30080/tools.descartes.teastore.webui/,2188463879449,2301090939584
http://172.16.192.17:30080/tools.descartes.teastore.webui/,2143394707471,2301188971200
http://172.16.192.17:30080/tools.descartes.teastore.webui/,2188443469971,2301189795653
http://172.16.192.17:30080/tools.descartes.teastore.webui/,2188451419668,2301191293712
http://172.16.192.17:30080/tools.descartes.teastore.webui/,2188473626563,2301192011732
http://172.16.192.17:30080/tools.descartes.teastore.webui/,2188470085497,2301289375667
http://172.16.192.17:30080/tools.descartes.teastore.webui/,2188426255319,2301290386151
http://172.16.192.17:30080/tools.descartes.teastore.webui/,2188435537914,2301291100981
http://172.16.192.17:30080/tools.descartes.teastore.webui/,2188464108685,2301291873021
http://172.16.192.17:30080/tools.descartes.teastore.webui/,2188446214505,2301292636830
http://172.16.192.17:30080/tools.descartes.teastore.webui/,2188444311648,2301293264195
http://172.16.192.17:30080/tools.descartes.teastore.webui/,2188416340612,2301391467548
http://172.16.192.17:30080/tools.descartes.teastore.webui/,2188420478604,2301789931577
http://172.16.192.17:30080/tools.descartes.teastore.webui/,2188467936280,2302091411364
http://172.16.192.17:30080/tools.descartes.teastore.webui/,2188436413335,2302187212210
http://172.16.192.17:30080/tools.descartes.teastore.webui/,2188411137129,2302188586293
http://172.16.192.17:30080/tools.descartes.teastore.webui/,2188445283647,2302293052009
http://172.16.192.17:30080/tools.descartes.teastore.webui/,2188445937595,2302293654923
http://172.16.192.17:30080/tools.descartes.teastore.webui/,2143403059409,2302296030075
http://172.16.192.17:30080/tools.descartes.teastore.webui/,2188473840522,2302296673435
http://172.16.192.17:30080/tools.descartes.teastore.webui/,2188423823105,2302388512383
http://172.16.192.17:30080/tools.descartes.teastore.webui/,2188423026089,2302389312352
http://172.16.192.17:30080/tools.descartes.teastore.webui/,2188433861470,2302390010365
http://172.16.192.17:30080/tools.descartes.teastore.webui/,2188419856063,2302390671841
http://172.16.192.17:30080/tools.descartes.teastore.webui/,2188424696191,2302391344379
http://172.16.192.17:30080/tools.descartes.teastore.webui/,2188462943755,2302391973269
http://172.16.192.17:30080/tools.descartes.teastore.webui/,2188413469223,2302392716764
http://172.16.192.17:30080/tools.descartes.teastore.webui/,2188447320266,2302489301425
http://172.16.192.17:30080/tools.descartes.teastore.webui/,2188461602184,2302490079137
http://172.16.192.17:30080/tools.descartes.teastore.webui/,2188457669339,2302490710108
http://172.16.192.17:30080/tools.descartes.teastore.webui/,2188467516281,2302491443479
http://172.16.192.17:30080/tools.descartes.teastore.webui/,2188444741543,2302492070739
http://172.16.192.17:30080/tools.descartes.teastore.webui/,2188456037250,2302492833681
http://172.16.192.17:30080/tools.descartes.teastore.webui/,2188414179498,2302589019037
http://172.16.192.17:30080/tools.descartes.teastore.webui/,2143396438911,2302589885831
http://172.16.192.17:30080/tools.descartes.teastore.webui/,2188450098023,2302590517796
http://172.16.192.17:30080/tools.descartes.teastore.webui/,2188441916897,2302591321834
http://172.16.192.17:30080/tools.descartes.teastore.webui/,2188427076205,2302591865070
http://172.16.192.17:30080/tools.descartes.teastore.webui/,2188431953604,2302689591357
http://172.16.192.17:30080/tools.descartes.teastore.webui/,2188411590489,2302690379281
http://172.16.192.17:30080/tools.descartes.teastore.webui/,2188430171336,2302691117327
http://172.16.192.17:30080/tools.descartes.teastore.webui/,2188442080402,2302691723743
http://172.16.192.17:30080/tools.descartes.teastore.webui/,2188468224269,2302692423057
http://172.16.192.17:30080/tools.descartes.teastore.webui/,2188427431348,2302693431038
http://172.16.192.17:30080/tools.descartes.teastore.webui/,2188471185851,2302694155076
http://172.16.192.17:30080/tools.descartes.teastore.webui/,2188434606109,2302694728506
http://172.16.192.17:30080/tools.descartes.teastore.webui/,2188440960156,2302788759368
http://172.16.192.17:30080/tools.descartes.teastore.webui/,2188464347969,2302790215735
http://172.16.192.17:30080/tools.descartes.teastore.webui/,2188453831507,2302790984342
http://172.16.192.17:30080/tools.descartes.teastore.webui/,2188474541562,2302791591324
http://172.16.192.17:30080/tools.descartes.teastore.webui/,2188473403308,2302888995581
http://172.16.192.17:30080/tools.descartes.teastore.webui/,2188443702981,2302889630242
http://172.16.192.17:30080/tools.descartes.teastore.webui/,2188460798108,2302890309450
http://172.16.192.17:30080/tools.descartes.teastore.webui/,2188419042324,2302890943739
http://172.16.192.17:30080/tools.descartes.teastore.webui/,2188413740545,2302891760918
http://172.16.192.17:30080/tools.descartes.teastore.webui/,2188453958727,2302892444093
http://172.16.192.17:30080/tools.descartes.teastore.webui/,2188458993947,2302988451490
http://172.16.192.17:30080/tools.descartes.teastore.webui/,2188448857876,2302989806708
http://172.16.192.17:30080/tools.descartes.teastore.webui/,2188436717400,2302990675865
http://172.16.192.17:30080/tools.descartes.teastore.webui/,2188409571904,2302991208180
http://172.16.192.17:30080/tools.descartes.teastore.webui/,2188424339877,2302991829552
http://172.16.192.17:30080/tools.descartes.teastore.webui/,2188465798599,2303091654002
http://172.16.192.17:30080/tools.descartes.teastore.webui/,2188448974227,2303092386750
http://172.16.192.17:30080/tools.descartes.teastore.webui/,2188468994545,2303093043056
http://172.16.192.17:30080/tools.descartes.teastore.webui/,2188437935554,2303189862310
http://172.16.192.17:30080/tools.descartes.teastore.webui/,2188460623685,2303193807008
http://172.16.192.17:30080/tools.descartes.teastore.webui/,2188466707171,2303292309751
http://172.16.192.17:30080/tools.descartes.teastore.webui/,2188440849641,2303293004545
http://172.16.192.17:30080/tools.descartes.teastore.webui/,2188441215046,2303293741601
http://172.16.192.17:30080/tools.descartes.teastore.webui/,2188412869513,2303389331802
http://172.16.192.17:30080/tools.descartes.teastore.webui/,2188436935246,2303389937737
http://172.16.192.17:30080/tools.descartes.teastore.webui/,2188426147403,2303390730513
http://172.16.192.17:30080/tools.descartes.teastore.webui/,2188413215519,2303391453035
http://172.16.192.17:30080/tools.descartes.teastore.webui/,2188409387396,2303489878018
http://172.16.192.17:30080/tools.descartes.teastore.webui/,2188419163701,2303492536843
http://172.16.192.17:30080/tools.descartes.teastore.webui/,2188445081170,2303588844591
http://172.16.192.17:30080/tools.descartes.teastore.webui/,2188462143677,2303589593857
http://172.16.192.17:30080/tools.descartes.teastore.webui/,2188467148566,2303688182900
http://172.16.192.17:30080/tools.descartes.teastore.webui/,2188428504241,2303688799714
http://172.16.192.17:30080/tools.descartes.teastore.webui/,2188453180664,2303690001809
http://172.16.192.17:30080/tools.descartes.teastore.webui/,2188448051004,2303890945167
http://172.16.192.17:30080/tools.descartes.teastore.webui/,2143400167360,2303988658890
http://172.16.192.17:30080/tools.descartes.teastore.webui/,2188442422000,2303993952625
http://172.16.192.17:30080/tools.descartes.teastore.webui/,2188429280555,2304090214869
http://172.16.192.17:30080/tools.descartes.teastore.webui/,2188448322490,2304090966031
http://172.16.192.17:30080/tools.descartes.teastore.webui/,2188463664559,2304091615035
http://172.16.192.17:30080/tools.descartes.teastore.webui/,2188442830537,2304092488599
http://172.16.192.17:30080/tools.descartes.teastore.webui/,2188469598162,2304093162829
http://172.16.192.17:30080/tools.descartes.teastore.webui/,2188461368002,2304188409475
http://172.16.192.17:30080/tools.descartes.teastore.webui/,2188423275722,2304189207337
http://172.16.192.17:30080/tools.descartes.teastore.webui/,2188474985942,2304190083737
http://172.16.192.17:30080/tools.descartes.teastore.webui/,2188442735058,2304190863301
http://172.16.192.17:30080/tools.descartes.teastore.webui/,2188451770173,2304191515189
http://172.16.192.17:30080/tools.descartes.teastore.webui/,2188450996807,2304192305266
http://172.16.192.17:30080/tools.descartes.teastore.webui/,2188464978769,2304192932433
http://172.16.192.17:30080/tools.descartes.teastore.webui/,2188440333674,2304287351144
http://172.16.192.17:30080/tools.descartes.teastore.webui/,2188443966503,2304387210121
http://172.16.192.17:30080/tools.descartes.teastore.webui/,2188460310396,2304391109205
http://172.16.192.17:30080/tools.descartes.teastore.webui/,2188447709793,2304488805550
http://172.16.192.17:30080/tools.descartes.teastore.webui/,2188445676340,2304489536270
http://172.16.192.17:30080/tools.descartes.teastore.webui/,2188474435095,2304591085146
http://172.16.192.17:30080/tools.descartes.teastore.webui/,2188417362972,2305193190194
http://172.16.192.17:30080/tools.descartes.teastore.webui/,2188454824967,2305193838362
http://172.16.192.17:30080/tools.descartes.teastore.webui/,2188464659293,2305194588846
http://172.16.192.17:30080/tools.descartes.teastore.webui/,2188426838214,2305288067740
http://172.16.192.17:30080/tools.descartes.teastore.webui/,2188462245345,2305288726920
http://172.16.192.17:30080/tools.descartes.teastore.webui/,2188428220754,2305489205687
http://172.16.192.17:30080/tools.descartes.teastore.webui/,2188463772856,2305489999644
http://172.16.192.17:30080/tools.descartes.teastore.webui/,2188444194098,2305490623091
http://172.16.192.17:30080/tools.descartes.teastore.webui/,2188434388265,2305491329237
http://172.16.192.17:30080/tools.descartes.teastore.webui/,2188458793360,2305492068408
http://172.16.192.17:30080/tools.descartes.teastore.webui/,2188459517986,2305492774489
http://172.16.192.17:30080/tools.descartes.teastore.webui/,2188449891283,2305493509750
http://172.16.192.17:30080/tools.descartes.teastore.webui/,2188437613524,2305494060193
http://172.16.192.17:30080/tools.descartes.teastore.webui/,2188462656872,2305494630680
http://172.16.192.17:30080/tools.descartes.teastore.webui/,2188455372039,2305495257040
http://172.16.192.17:30080/tools.descartes.teastore.webui/,2188457454872,2305496017501
http://172.16.192.17:30080/tools.descartes.teastore.webui/,2188458191590,2305496638523
http://172.16.192.17:30080/tools.descartes.teastore.webui/,2188469461915,2305497323293
http://172.16.192.17:30080/tools.descartes.teastore.webui/,2188446978213,2305588592807
http://172.16.192.17:30080/tools.descartes.teastore.webui/,2188461259731,2305589270102
http://172.16.192.17:30080/tools.descartes.teastore.webui/,2188464822577,2305589922958
http://172.16.192.17:30080/tools.descartes.teastore.webui/,2188415594734,2305590717999
http://172.16.192.17:30080/tools.descartes.teastore.webui/,2188464240154,2305591219189
http://172.16.192.17:30080/tools.descartes.teastore.webui/,2188458685980,2305687394064
http://172.16.192.17:30080/tools.descartes.teastore.webui/,2188422600221,2305687515842
http://172.16.192.17:30080/tools.descartes.teastore.webui/,2188468063608,2305689049191
http://172.16.192.17:30080/tools.descartes.teastore.webui/,2188411924539,2305689920283
http://172.16.192.17:30080/tools.descartes.teastore.webui/,2188418184638,2305690606179
http://172.16.192.17:30080/tools.descartes.teastore.webui/,2188417012036,2305691277301
http://172.16.192.17:30080/tools.descartes.teastore.webui/,2188446062823,2305691848442
http://172.16.192.17:30080/tools.descartes.teastore.webui/,2188440700306,2305789392074
http://172.16.192.17:30080/tools.descartes.teastore.webui/,2188473730639,2305790023762
http://172.16.192.17:30080/tools.descartes.teastore.webui/,2188456533017,2305790717601
http://172.16.192.17:30080/tools.descartes.teastore.webui/,2188462058166,2305793412586
http://172.16.192.17:30080/tools.descartes.teastore.webui/,2188435158321,2305887464120
http://172.16.192.17:30080/tools.descartes.teastore.webui/,2188438633325,2305888928099
http://172.16.192.17:30080/tools.descartes.teastore.webui/,2188440429942,2305987277544
http://172.16.192.17:30080/tools.descartes.teastore.webui/,2188470520095,2305988938428
http://172.16.192.17:30080/tools.descartes.teastore.webui/,2188439309945,2305989701369
http://172.16.192.17:30080/tools.descartes.teastore.webui/,2188427330030,2305990395747
http://172.16.192.17:30080/tools.descartes.teastore.webui/,2188430387982,2305991131974
http://172.16.192.17:30080/tools.descartes.teastore.webui/,2188439847146,2305991758542
http://172.16.192.17:30080/tools.descartes.teastore.webui/,2188410408795,2305992458772
http://172.16.192.17:30080/tools.descartes.teastore.webui/,2188439524455,2306087412693
http://172.16.192.17:30080/tools.descartes.teastore.webui/,2188457879544,2306188522068
http://172.16.192.17:30080/tools.descartes.teastore.webui/,2188471077834,2306189176406
http://172.16.192.17:30080/tools.descartes.teastore.webui/,2188469817884,2306190583565
http://172.16.192.17:30080/tools.descartes.teastore.webui/,2188466933048,2306191697635
http://172.16.192.17:30080/tools.descartes.teastore.webui/,2188456431590,2306288440682
http://172.16.192.17:30080/tools.descartes.teastore.webui/,2188470972164,2306388843340
http://172.16.192.17:30080/tools.descartes.teastore.webui/,2188459762460,2306389533483
http://172.16.192.17:30080/tools.descartes.teastore.webui/,2188449078554,2306487361323
http://172.16.192.17:30080/tools.descartes.teastore.webui/,2188444521782,2306490646961
http://172.16.192.17:30080/tools.descartes.teastore.webui/,2188433323969,2306587345590
http://172.16.192.17:30080/tools.descartes.teastore.webui/,2188455031735,2306792269205
http://172.16.192.17:30080/tools.descartes.teastore.webui/,2188443034640,2306792916177
http://172.16.192.17:30080/tools.descartes.teastore.webui/,2188470307952,2306793677790
http://172.16.192.17:30080/tools.descartes.teastore.webui/,2188451520023,2306794331610
http://172.16.192.17:30080/tools.descartes.teastore.webui/,2188468740297,2306795152417
http://172.16.192.17:30080/tools.descartes.teastore.webui/,2188462444967,2306795727762
http://172.16.192.17:30080/tools.descartes.teastore.webui/,2188440068449,2306890055182
http://172.16.192.17:30080/tools.descartes.teastore.webui/,2188473277848,2306890714013
http://172.16.192.17:30080/tools.descartes.teastore.webui/,2188422050384,2306989785541
http://172.16.192.17:30080/tools.descartes.teastore.webui/,2188410241009,2306991439771
http://172.16.192.17:30080/tools.descartes.teastore.webui/,2188459089380,2306992295606
http://172.16.192.17:30080/tools.descartes.teastore.webui/,2188421295498,2306992928782
http://172.16.192.17:30080/tools.descartes.teastore.webui/,2291703409445,2307089004251
http://172.16.192.17:30080/tools.descartes.teastore.webui/,2188457778213,2307089554133
http://172.16.192.17:30080/tools.descartes.teastore.webui/,2188412638474,2307090855610
http://172.16.192.17:30080/tools.descartes.teastore.webui/,2188462836601,2307091574388
http://172.16.192.17:30080/tools.descartes.teastore.webui/,2188450705954,2307190454562
http://172.16.192.17:30080/tools.descartes.teastore.webui/,2188459907950,2307191058426
http://172.16.192.17:30080/tools.descartes.teastore.webui/,2188409249885,2307191796231
http://172.16.192.17:30080/tools.descartes.teastore.webui/,2188471528755,2307391070191
http://172.16.192.17:30080/tools.descartes.teastore.webui/,2188469361280,2307393512527
http://172.16.192.17:30080/tools.descartes.teastore.webui/,2294390693031,2307489682922
http://172.16.192.17:30080/tools.descartes.teastore.webui/,2188470615172,2307490268367
http://172.16.192.17:30080/tools.descartes.teastore.webui/,2188452771337,2307490999315
http://172.16.192.17:30080/tools.descartes.teastore.webui/,2188436080266,2307491619422
http://172.16.192.17:30080/tools.descartes.teastore.webui/,2188465113242,2307492276840
http://172.16.192.17:30080/tools.descartes.teastore.webui/,2143405200282,2307687657337
http://172.16.192.17:30080/tools.descartes.teastore.webui/,2143390482512,2307894107859
http://172.16.192.17:30080/tools.descartes.teastore.webui/,2143399178738,2307987282838
http://172.16.192.17:30080/tools.descartes.teastore.webui/,2188413593572,2307988213826
http://172.16.192.17:30080/tools.descartes.teastore.webui/,2188425921393,2307988977706
http://172.16.192.17:30080/tools.descartes.teastore.webui/,2188436509441,2307989677947
http://172.16.192.17:30080/tools.descartes.teastore.webui/,2143404413492,2307991660422
http://172.16.192.17:30080/tools.descartes.teastore.webui/,2143397563453,2307992344200
http://172.16.192.17:30080/tools.descartes.teastore.webui/,2292290005669,2308087590597
http://172.16.192.17:30080/tools.descartes.teastore.webui/,2188453282745,2308090197713
http://172.16.192.17:30080/tools.descartes.teastore.webui/,2291488497922,2308090250521
http://172.16.192.17:30080/tools.descartes.teastore.webui/,2292488485120,2308090371497
http://172.16.192.17:30080/tools.descartes.teastore.webui/,2188425571660,2308188879931
http://172.16.192.17:30080/tools.descartes.teastore.webui/,2188468847861,2308189451283
http://172.16.192.17:30080/tools.descartes.teastore.webui/,2293188777451,2308190497579
http://172.16.192.17:30080/tools.descartes.teastore.webui/,2188440187749,2308192026099
http://172.16.192.17:30080/tools.descartes.teastore.webui/,2188466282928,2308193806603
http://172.16.192.17:30080/tools.descartes.teastore.webui/,2188444976013,2308194811874
http://172.16.192.17:30080/tools.descartes.teastore.webui/,2188466823896,2308391595820
http://172.16.192.17:30080/tools.descartes.teastore.webui/,2293691663722,2308487704052
http://172.16.192.17:30080/tools.descartes.teastore.webui/,2291708154061,2308488802854
http://172.16.192.17:30080/tools.descartes.teastore.webui/,2188445483687,2308489457838
http://172.16.192.17:30080/tools.descartes.teastore.webui/,2188459278363,2308587974329
http://172.16.192.17:30080/tools.descartes.teastore.webui/,2291589777797,2308588022217
http://172.16.192.17:30080/tools.descartes.teastore.webui/,2143400510120,2308591332599
http://172.16.192.17:30080/tools.descartes.teastore.webui/,2291696773298,2308687319136
http://172.16.192.17:30080/tools.descartes.teastore.webui/,2188452571403,2308688156753
http://172.16.192.17:30080/tools.descartes.teastore.webui/,2291709691283,2308690321218
http://172.16.192.17:30080/tools.descartes.teastore.webui/,2188451889437,2308691032412
http://172.16.192.17:30080/tools.descartes.teastore.webui/,2143403203085,2308691741790
http://172.16.192.17:30080/tools.descartes.teastore.webui/,2188453705317,2308788111782
http://172.16.192.17:30080/tools.descartes.teastore.webui/,2291390706567,2308788357462
http://172.16.192.17:30080/tools.descartes.teastore.webui/,2188463126698,2308788786637
http://172.16.192.17:30080/tools.descartes.teastore.webui/,2188442321779,2308789477322
http://172.16.192.17:30080/tools.descartes.teastore.webui/,2188450289178,2308988099519
http://172.16.192.17:30080/tools.descartes.teastore.webui/,2292590505985,2308988685921
http://172.16.192.17:30080/tools.descartes.teastore.webui/,2188467823318,2308988855774
http://172.16.192.17:30080/tools.descartes.teastore.webui/,2188443594924,2308991553414
http://172.16.192.17:30080/tools.descartes.teastore.webui/,2188463304874,2308992329412
http://172.16.192.17:30080/tools.descartes.teastore.webui/,2188453085432,2309087283495
http://172.16.192.17:30080/tools.descartes.teastore.webui/,2291392043842,2309087566606
http://172.16.192.17:30080/tools.descartes.teastore.webui/,2188466035689,2309089458656
http://172.16.192.17:30080/tools.descartes.teastore.webui/,2294094434172,2309089525071
http://172.16.192.17:30080/tools.descartes.teastore.webui/,2290591985660,2309187900227
http://172.16.192.17:30080/tools.descartes.teastore.webui/,2188468595967,2309188471009
http://172.16.192.17:30080/tools.descartes.teastore.webui/,2290592677893,2309190324603
http://172.16.192.17:30080/tools.descartes.teastore.webui/,2188452898863,2309288501629
http://172.16.192.17:30080/tools.descartes.teastore.webui/,2143401673014,2309391851615
http://172.16.192.17:30080/tools.descartes.teastore.webui/,2291702290652,2309392717442
http://172.16.192.17:30080/tools.descartes.teastore.webui/,2292192486655,2309393100416
http://172.16.192.17:30080/tools.descartes.teastore.webui/,2188440567301,2309394828470
http://172.16.192.17:30080/tools.descartes.teastore.webui/,2294589447071,2309394990337
http://172.16.192.17:30080/tools.descartes.teastore.webui/,2188467038473,2309487326850
http://172.16.192.17:30080/tools.descartes.teastore.webui/,2292990724663,2309487333652
http://172.16.192.17:30080/tools.descartes.teastore.webui/,2188456963168,2309489449029
http://172.16.192.17:30080/tools.descartes.teastore.webui/,2291291896200,2309489622857
http://172.16.192.17:30080/tools.descartes.teastore.webui/,2293098198165,2309489819193
http://172.16.192.17:30080/tools.descartes.teastore.webui/,2290888295743,2309489821799
http://172.16.192.17:30080/tools.descartes.teastore.webui/,2290789297151,2309489853270
http://172.16.192.17:30080/tools.descartes.teastore.webui/,2293096993255,2309688147666
http://172.16.192.17:30080/tools.descartes.teastore.webui/,2291889886550,2309688608520
http://172.16.192.17:30080/tools.descartes.teastore.webui/,2291297225789,2309688686969
http://172.16.192.17:30080/tools.descartes.teastore.webui/,2290518942760,2309688961045
http://172.16.192.17:30080/tools.descartes.teastore.webui/,2292288559440,2309690903466
http://172.16.192.17:30080/tools.descartes.teastore.webui/,2188468315638,2309892652128
http://172.16.192.17:30080/tools.descartes.teastore.webui/,2292292192362,2310088183327
http://172.16.192.17:30080/tools.descartes.teastore.webui/,2293792554534,2310188344837
http://172.16.192.17:30080/tools.descartes.teastore.webui/,2292594910285,2310188783101
http://172.16.192.17:30080/tools.descartes.teastore.webui/,2188432664128,2310188995838
http://172.16.192.17:30080/tools.descartes.teastore.webui/,2188417519431,2310189826604
http://172.16.192.17:30080/tools.descartes.teastore.webui/,2188461482209,2310191795313
http://172.16.192.17:30080/tools.descartes.teastore.webui/,2188458412638,2310290378599
http://172.16.192.17:30080/tools.descartes.teastore.webui/,2188452157861,2310291164721
http://172.16.192.17:30080/tools.descartes.teastore.webui/,2296888886196,2310391400395
http://172.16.192.17:30080/tools.descartes.teastore.webui/,2292588535952,2310393207861
http://172.16.192.17:30080/tools.descartes.teastore.webui/,2188455900410,2310394327493
http://172.16.192.17:30080/tools.descartes.teastore.webui/,2188460210926,2310395018092
http://172.16.192.17:30080/tools.descartes.teastore.webui/,2294093730460,2310590762889
http://172.16.192.17:30080/tools.descartes.teastore.webui/,2188455796012,2310591239491
http://172.16.192.17:30080/tools.descartes.teastore.webui/,2188442214586,2310591920283
http://172.16.192.17:30080/tools.descartes.teastore.webui/,2295492171776,2310594214861
http://172.16.192.17:30080/tools.descartes.teastore.webui/,2188448737474,2310595108558
http://172.16.192.17:30080/tools.descartes.teastore.webui/,2293497487289,2310687375702
http://172.16.192.17:30080/tools.descartes.teastore.webui/,2295489193692,2310688639250
http://172.16.192.17:30080/tools.descartes.teastore.webui/,2188450193627,2310790969638
http://172.16.192.17:30080/tools.descartes.teastore.webui/,2188466183533,2310791596970
http://172.16.192.17:30080/tools.descartes.teastore.webui/,2291788388822,2310792408700
http://172.16.192.17:30080/tools.descartes.teastore.webui/,2188465699253,2310989918732
http://172.16.192.17:30080/tools.descartes.teastore.webui/,2188454371007,2310994743889
http://172.16.192.17:30080/tools.descartes.teastore.webui/,2292191687421,2310994879324
http://172.16.192.17:30080/tools.descartes.teastore.webui/,2188449181858,2310995579358
http://172.16.192.17:30080/tools.descartes.teastore.webui/,2293097518607,2311188284625
http://172.16.192.17:30080/tools.descartes.teastore.webui/,2188447817863,2311189067491
http://172.16.192.17:30080/tools.descartes.teastore.webui/,2188463448844,2311189683356
http://172.16.192.17:30080/tools.descartes.teastore.webui/,2188456826729,2311391962308
http://172.16.192.17:30080/tools.descartes.teastore.webui/,2290591445051,2311489640261
http://172.16.192.17:30080/tools.descartes.teastore.webui/,2188448151565,2311490503154
http://172.16.192.17:30080/tools.descartes.teastore.webui/,2188461120253,2311590304982
http://172.16.192.17:30080/tools.descartes.teastore.webui/,2290590815830,2311591421656
http://172.16.192.17:30080/tools.descartes.teastore.webui/,2295394390439,2311593053633
http://172.16.192.17:30080/tools.descartes.teastore.webui/,2296590542928,2311593268748
http://172.16.192.17:30080/tools.descartes.teastore.webui/,2295491502771,2311594461980
http://172.16.192.17:30080/tools.descartes.teastore.webui/,2292489886854,2311594588900
http://172.16.192.17:30080/tools.descartes.teastore.webui/,2295891657177,2311687897619
http://172.16.192.17:30080/tools.descartes.teastore.webui/,2293096354923,2311688531650
http://172.16.192.17:30080/tools.descartes.teastore.webui/,2295492898896,2311689747568
http://172.16.192.17:30080/tools.descartes.teastore.webui/,2292594237274,2311689747649
http://172.16.192.17:30080/tools.descartes.teastore.webui/,2293888867231,2311689878774
http://172.16.192.17:30080/tools.descartes.teastore.webui/,2188455158197,2311690103293
http://172.16.192.17:30080/tools.descartes.teastore.webui/,2291593321906,2311788523679
http://172.16.192.17:30080/tools.descartes.teastore.webui/,2188451136623,2311789537092
http://172.16.192.17:30080/tools.descartes.teastore.webui/,2188454481529,2311790263715
http://172.16.192.17:30080/tools.descartes.teastore.webui/,2143404743736,2312090310570
http://172.16.192.17:30080/tools.descartes.teastore.webui/,2293589236760,2312188985432
http://172.16.192.17:30080/tools.descartes.teastore.webui/,2292595675280,2312189702895
http://172.16.192.17:30080/tools.descartes.teastore.webui/,2293090623228,2312189821609
http://172.16.192.17:30080/tools.descartes.teastore.webui/,2188424197122,2312190867183
http://172.16.192.17:30080/tools.descartes.teastore.webui/,2290790763153,2312288598989
http://172.16.192.17:30080/tools.descartes.teastore.webui/,2188444418461,2312288927510
http://172.16.192.17:30080/tools.descartes.teastore.webui/,2291698083748,2312290562162
http://172.16.192.17:30080/tools.descartes.teastore.webui/,2291498487155,2312388206765
http://172.16.192.17:30080/tools.descartes.teastore.webui/,2188419549448,2312392200422
http://172.16.192.17:30080/tools.descartes.teastore.webui/,2291710767454,2312487500217
http://172.16.192.17:30080/tools.descartes.teastore.webui/,2293095044954,2312790400123
http://172.16.192.17:30080/tools.descartes.teastore.webui/,2143396755918,2312790529729
http://172.16.192.17:30080/tools.descartes.teastore.webui/,2188452025591,2312791052466
http://172.16.192.17:30080/tools.descartes.teastore.webui/,2291699418422,2312888247133
http://172.16.192.17:30080/tools.descartes.teastore.webui/,2290518638227,2312890303514
http://172.16.192.17:30080/tools.descartes.teastore.webui/,2292388865645,2312890567703
http://172.16.192.17:30080/tools.descartes.teastore.webui/,2188432556901,2312989493525
http://172.16.192.17:30080/tools.descartes.teastore.webui/,2294089036111,2313090691529
http://172.16.192.17:30080/tools.descartes.teastore.webui/,2290791293728,2313090704254
http://172.16.192.17:30080/tools.descartes.teastore.webui/,2291288583026,2313287431743
http://172.16.192.17:30080/tools.descartes.teastore.webui/,2291588616062,2313287502320
http://172.16.192.17:30080/tools.descartes.teastore.webui/,2291392769452,2313287889815
http://172.16.192.17:30080/tools.descartes.teastore.webui/,2290792605857,2313288153819
http://172.16.192.17:30080/tools.descartes.teastore.webui/,2291294249907,2313290410773
http://172.16.192.17:30080/tools.descartes.teastore.webui/,2291590481710,2313290476894
http://172.16.192.17:30080/tools.descartes.teastore.webui/,2291704111537,2313390307230
http://172.16.192.17:30080/tools.descartes.teastore.webui/,2188444635466,2313489516742
http://172.16.192.17:30080/tools.descartes.teastore.webui/,2291299302310,2313489945200
http://172.16.192.17:30080/tools.descartes.teastore.webui/,2188471433447,2313490277862
http://172.16.192.17:30080/tools.descartes.teastore.webui/,2188458887201,2313490931431
http://172.16.192.17:30080/tools.descartes.teastore.webui/,2292193024586,2313589384129
http://172.16.192.17:30080/tools.descartes.teastore.webui/,2291493625680,2313794832272
http://172.16.192.17:30080/tools.descartes.teastore.webui/,2295392936141,2313888764073
http://172.16.192.17:30080/tools.descartes.teastore.webui/,2291705543885,2313889690886
http://172.16.192.17:30080/tools.descartes.teastore.webui/,2188454592594,2313889870168
http://172.16.192.17:30080/tools.descartes.teastore.webui/,2291389137445,2313988504994
http://172.16.192.17:30080/tools.descartes.teastore.webui/,2290518432720,2313989070856
http://172.16.192.17:30080/tools.descartes.teastore.webui/,2291700962957,2313989128031
http://172.16.192.17:30080/tools.descartes.teastore.webui/,2291692744806,2313989587926
http://172.16.192.17:30080/tools.descartes.teastore.webui/,2295393741741,2313989588007
http://172.16.192.17:30080/tools.descartes.teastore.webui/,2291497007683,2314087236755
http://172.16.192.17:30080/tools.descartes.teastore.webui/,2291889200615,2314292340909
http://172.16.192.17:30080/tools.descartes.teastore.webui/,2290517507073,2314387552918
http://172.16.192.17:30080/tools.descartes.teastore.webui/,2293089327814,2314388623268
http://172.16.192.17:30080/tools.descartes.teastore.webui/,2292088549067,2314388733455
http://172.16.192.17:30080/tools.descartes.teastore.webui/,2291704815263,2314388827577
http://172.16.192.17:30080/tools.descartes.teastore.webui/,2291299798601,2314388872848
http://172.16.192.17:30080/tools.descartes.teastore.webui/,2291701536185,2314487273017
http://172.16.192.17:30080/tools.descartes.teastore.webui/,2292190927265,2314489037388
http://172.16.192.17:30080/tools.descartes.teastore.webui/,2292490536655,2314489457520
http://172.16.192.17:30080/tools.descartes.teastore.webui/,2188464477309,2314590568420
http://172.16.192.17:30080/tools.descartes.teastore.webui/,2292190212787,2314687890058
http://172.16.192.17:30080/tools.descartes.teastore.webui/,2291888392940,2314790269504
http://172.16.192.17:30080/tools.descartes.teastore.webui/,2294092381216,2314790319362
http://172.16.192.17:30080/tools.descartes.teastore.webui/,2291298586072,2314790487738
http://172.16.192.17:30080/tools.descartes.teastore.webui/,2291388693364,2314887866606
http://172.16.192.17:30080/tools.descartes.teastore.webui/,2295389371120,2314887891162
http://172.16.192.17:30080/tools.descartes.teastore.webui/,2188455257435,2314891544054
http://172.16.192.17:30080/tools.descartes.teastore.webui/,2291706212550,2315088500152
http://172.16.192.17:30080/tools.descartes.teastore.webui/,2188446691089,2315088782764
http://172.16.192.17:30080/tools.descartes.teastore.webui/,2293891481988,2315089285216
http://172.16.192.17:30080/tools.descartes.teastore.webui/,2294090353421,2315089506227
http://172.16.192.17:30080/tools.descartes.teastore.webui/,2188457559628,2315089601550
http://172.16.192.17:30080/tools.descartes.teastore.webui/,2188463991719,2315187451245
http://172.16.192.17:30080/tools.descartes.teastore.webui/,2291700230560,2315288205052
http://172.16.192.17:30080/tools.descartes.teastore.webui/,2292589868840,2315289082246
http://172.16.192.17:30080/tools.descartes.teastore.webui/,2291895520392,2315289412455
http://172.16.192.17:30080/tools.descartes.teastore.webui/,2291589096008,2315289569218
http://172.16.192.17:30080/tools.descartes.teastore.webui/,2188444072016,2315289726976
http://172.16.192.17:30080/tools.descartes.teastore.webui/,2188446467144,2315290740395
http://172.16.192.17:30080/tools.descartes.teastore.webui/,2293088290243,2315387663438
http://172.16.192.17:30080/tools.descartes.teastore.webui/,2293496106801,2315388168967
http://172.16.192.17:30080/tools.descartes.teastore.webui/,2291696206104,2315388669170
http://172.16.192.17:30080/tools.descartes.teastore.webui/,2188471667645,2315489774829
http://172.16.192.17:30080/tools.descartes.teastore.webui/,2291493008683,2315490601412
http://172.16.192.17:30080/tools.descartes.teastore.webui/,2291491684947,2315590644585
http://172.16.192.17:30080/tools.descartes.teastore.webui/,2291300675220,2315688878217
http://172.16.192.17:30080/tools.descartes.teastore.webui/,2295391608332,2315688919289
http://172.16.192.17:30080/tools.descartes.teastore.webui/,2291499144017,2315689066623
http://172.16.192.17:30080/tools.descartes.teastore.webui/,2291499820436,2315689123507
http://172.16.192.17:30080/tools.descartes.teastore.webui/,2291496539949,2315889698368
http://172.16.192.17:30080/tools.descartes.teastore.webui/,2188429971967,2315890179575
http://172.16.192.17:30080/tools.descartes.teastore.webui/,2188441571719,2315890807521
http://172.16.192.17:30080/tools.descartes.teastore.webui/,2188469715029,2315891406468
http://172.16.192.17:30080/tools.descartes.teastore.webui/,2188446355454,2315990251459
http://172.16.192.17:30080/tools.descartes.teastore.webui/,2291497721828,2316087424524
http://172.16.192.17:30080/tools.descartes.teastore.webui/,2291495881200,2316090726718
http://172.16.192.17:30080/tools.descartes.teastore.webui/,2293095687477,2316290138265
http://172.16.192.17:30080/tools.descartes.teastore.webui/,2291591092267,2316387818337
http://172.16.192.17:30080/tools.descartes.teastore.webui/,2291394585025,2316387937333
http://172.16.192.17:30080/tools.descartes.teastore.webui/,2293395768041,2316387940876
http://172.16.192.17:30080/tools.descartes.teastore.webui/,2291296553287,2316387965732
http://172.16.192.17:30080/tools.descartes.teastore.webui/,2291693378660,2316388431482
http://172.16.192.17:30080/tools.descartes.teastore.webui/,2292596474105,2316389406001
http://172.16.192.17:30080/tools.descartes.teastore.webui/,2291707512385,2316487445594
http://172.16.192.17:30080/tools.descartes.teastore.webui/,2291989212336,2316487658814
http://172.16.192.17:30080/tools.descartes.teastore.webui/,2293688342751,2316488369915
http://172.16.192.17:30080/tools.descartes.teastore.webui/,2291890588377,2316488452910
http://172.16.192.17:30080/tools.descartes.teastore.webui/,2293890889947,2316489119144
http://172.16.192.17:30080/tools.descartes.teastore.webui/,2290789896198,2316689430862
http://172.16.192.17:30080/tools.descartes.teastore.webui/,2295395933993,2316788352356
http://172.16.192.17:30080/tools.descartes.teastore.webui/,2291490993432,2316789132145
http://172.16.192.17:30080/tools.descartes.teastore.webui/,2291291116861,2316887209830
http://172.16.192.17:30080/tools.descartes.teastore.webui/,2293098893154,2317189579750
http://172.16.192.17:30080/tools.descartes.teastore.webui/,2295890979348,2317193235439
http://172.16.192.17:30080/tools.descartes.teastore.webui/,2292592646204,2317611997691
http://172.16.192.17:30080/tools.descartes.teastore.webui/,2298388781568,2317613863492
http://172.16.192.17:30080/tools.descartes.teastore.webui/,2292990334531,2317687370757
http://172.16.192.17:30080/tools.descartes.teastore.webui/,2296790790166,2317687814031
http://172.16.192.17:30080/tools.descartes.teastore.webui/,2295890208194,2317688236935
http://172.16.192.17:30080/tools.descartes.teastore.webui/,2188454730799,2317689679458
http://172.16.192.17:30080/tools.descartes.teastore.webui/,2188441472407,2317690353267
http://172.16.192.17:30080/tools.descartes.teastore.webui/,2291707137966,2317789290420
http://172.16.192.17:30080/tools.descartes.teastore.webui/,2296788717449,2317789590935
http://172.16.192.17:30080/tools.descartes.teastore.webui/,2188455598751,2317789627866
http://172.16.192.17:30080/tools.descartes.teastore.webui/,2188449572735,2317790500001
http://172.16.192.17:30080/tools.descartes.teastore.webui/,2188447608955,2317888645685
http://172.16.192.17:30080/tools.descartes.teastore.webui/,2296789454748,2317890242876
http://172.16.192.17:30080/tools.descartes.teastore.webui/,2296488843730,2317987953558
http://172.16.192.17:30080/tools.descartes.teastore.webui/,2296589595031,2318088225297
http://172.16.192.17:30080/tools.descartes.teastore.webui/,2295688712704,2318090705491
http://172.16.192.17:30080/tools.descartes.teastore.webui/,2188469088056,2318091010344
http://172.16.192.17:30080/tools.descartes.teastore.webui/,2188452668288,2318189575478
http://172.16.192.17:30080/tools.descartes.teastore.webui/,2188460441385,2318190234108
http://172.16.192.17:30080/tools.descartes.teastore.webui/,2295589348678,2318289039170
http://172.16.192.17:30080/tools.descartes.teastore.webui/,2188450895665,2318289259575
http://172.16.192.17:30080/tools.descartes.teastore.webui/,2188442941933,2318388666247
http://172.16.192.17:30080/tools.descartes.teastore.webui/,2295489934512,2318489798757
http://172.16.192.17:30080/tools.descartes.teastore.webui/,2188443811891,2318987457903
http://172.16.192.17:30080/tools.descartes.teastore.webui/,2296588897371,2318988529412
http://172.16.192.17:30080/tools.descartes.teastore.webui/,2188447427969,2318989901061
http://172.16.192.17:30080/tools.descartes.teastore.webui/,2293791846421,2319088330924
http://172.16.192.17:30080/tools.descartes.teastore.webui/,2291295740086,2319287738711
http://172.16.192.17:30080/tools.descartes.teastore.webui/,2296688457199,2319588761327
http://172.16.192.17:30080/tools.descartes.teastore.webui/,2292291514243,2319987317702
http://172.16.192.17:30080/tools.descartes.teastore.webui/,2291894921062,2319988449197
http://172.16.192.17:30080/tools.descartes.teastore.webui/,2290792370494,2319990199029
http://172.16.192.17:30080/tools.descartes.teastore.webui/,2291713197064,2320389377661
http://172.16.192.17:30080/tools.descartes.teastore.webui/,2296193377414,2320487296766
http://172.16.192.17:30080/tools.descartes.teastore.webui/,2291892090673,2320587244648
http://172.16.192.17:30080/tools.descartes.teastore.webui/,2292591983395,2320589384121
http://172.16.192.17:30080/tools.descartes.teastore.webui/,2291893421957,2320989979709
http://172.16.192.17:30080/tools.descartes.teastore.webui/,2291188987012,2322088940547
http://172.16.192.17:30080/tools.descartes.teastore.webui/,2292290658272,2322288852200
http://172.16.192.17:30080/tools.descartes.teastore.webui/,2188451232121,2322290493715
http://172.16.192.17:30080/tools.descartes.teastore.webui/,2295494453385,2322688668235
